kind,total,dealer,state,best,ev_stand,ev_hit,ev_double,ev_split
hard,5,2,"(5, 2, False, True, 0)",hit,-0.2865443008402951,-0.125854665912235,-0.5730886016805902,
hard,6,2,"(6, 2, False, True, 0)",hit,-0.2865443008402951,-0.13807302929133147,-0.5530679735908629,
hard,7,2,"(7, 2, False, True, 0)",hit,-0.2865443008402951,-0.10957748444769838,-0.4319577275553499,
hard,8,2,"(8, 2, False, True, 0)",hit,-0.2865443008402951,-0.02450683028991735,-0.20661994080848184,
hard,9,2,"(9, 2, False, True, 0)",hit,-0.2865443008402951,0.07223280896319335,0.05878555692632634,
hard,10,2,"(10, 2, False, True, 0)",double,-0.2865443008402951,0.1809761241455195,0.3569071974837269,
hard,11,2,"(11, 2, False, True, 0)",double,-0.2865443008402951,0.2375832654125679,0.4701214800178237,
hard,12,2,"(12, 2, False, True, 0)",hit,-0.2865443008402951,-0.2537514705927661,-0.5075029411855322,
hard,13,2,"(13, 2, False, True, 0)",stand,-0.2865443008402951,-0.3086326782204357,-0.6172653564408714,
hard,14,2,"(14, 2, False, True, 0)",stand,-0.2865443008402951,-0.3635138858481053,-0.7270277716962106,
hard,15,2,"(15, 2, False, True, 0)",stand,-0.2865443008402951,-0.4183950934757749,-0.8367901869515498,
hard,16,2,"(16, 2, False, True, 0)",stand,-0.2865443008402951,-0.47327630110344454,-0.9465526022068891,
hard,17,2,"(17, 2, False, True, 0)",stand,-0.15641021825706786,-0.5381678227759777,-1.0763356455519555,
hard,18,2,"(18, 2, False, True, 0)",stand,0.11027005064085812,-0.623573211286813,-1.247146422573626,
hard,19,2,"(19, 2, False, True, 0)",stand,0.37811050632056886,-0.7295817117730107,-1.4591634235460214,
soft,13,2,"(13, 2, True, True, 0)",hit,-0.2865443008402951,0.046611316056980594,-0.06845328016417529,
soft,14,2,"(14, 2, True, True, 0)",hit,-0.2865443008402951,0.022814486278603743,-0.06845328016417532,
soft,15,2,"(15, 2, True, True, 0)",hit,-0.2865443008402951,0.0007174300558252548,-0.06845328016417529,
soft,16,2,"(16, 2, True, True, 0)",hit,-0.2865443008402951,-0.01980126500818335,-0.06845328016417529,
soft,17,2,"(17, 2, True, True, 0)",hit,-0.15641021825706786,-0.0016731725438406848,-0.008391395894993499,
soft,18,2,"(18, 2, True, True, 0)",double,0.11027005064085812,0.05986842797106533,0.1146918051348185,
soft,19,2,"(19, 2, True, True, 0)",stand,0.37811050632056886,0.12167776389715243,0.2383104769869927,
soft,20,2,"(20, 2, True, True, 0)",stand,0.6350700673968263,0.1809761241455195,0.3569071974837269,
pair,2,2,"(4, 2, False, True, 2)",split,-0.2865443008402951,-0.11285543771123714,-0.5730886016805902,-0.08923085038488605
pair,3,2,"(6, 2, False, True, 3)",split,-0.2865443008402951,-0.13807302929133147,-0.5530679735908629,-0.13474841710027397
pair,4,2,"(8, 2, False, True, 4)",hit,-0.2865443008402951,-0.02450683028991735,-0.20661994080848184,-0.1628694465080953
pair,5,2,"(10, 2, False, True, 5)",double,-0.2865443008402951,0.1809761241455195,0.3569071974837269,-0.18886790291009103
pair,6,2,"(12, 2, False, True, 6)",split,-0.2865443008402951,-0.2537514705927661,-0.5075029411855322,-0.21330462966828398
pair,7,2,"(14, 2, False, True, 7)",split,-0.2865443008402951,-0.3635138858481053,-0.7270277716962106,-0.15563327005887007
pair,8,2,"(16, 2, False, True, 8)",split,-0.2865443008402951,-0.47327630110344454,-0.9465526022068891,0.013827768334544265
pair,9,2,"(18, 2, False, True, 9)",split,0.11027005064085812,-0.623573211286813,-1.247146422573626,0.18024072786565684
pair,10,2,"(20, 2, False, True, 10)",stand,0.6350700673968263,-0.8553563323419973,-1.7107126646839945,0.361952248291039
pair,11,2,"(12, 2, True, True, 11)",split,-0.2865443008402951,0.0798062474138931,-0.06845328016417529,0.4701214800178237
hard,5,3,"(5, 3, False, True, 0)",hit,-0.24663577379217244,-0.0931858053133976,-0.49327154758434494,
hard,6,3,"(6, 3, False, True, 0)",hit,-0.24663577379217244,-0.10487404133749784,-0.47383646588301315,
hard,7,3,"(7, 3, False, True, 0)",hit,-0.24663577379217244,-0.07693756788495021,-0.35635997911290457,
hard,8,3,"(8, 3, False, True, 0)",hit,-0.24663577379217244,0.005567930875393198,-0.13813222243370762,
hard,9,3,"(9, 3, False, True, 0)",double,-0.24663577379217244,0.0992731607381433,0.11871708619491318,
hard,10,3,"(10, 3, False, True, 0)",double,-0.24663577379217244,0.2047167440781116,0.4074920116323713,
hard,11,3,"(11, 3, False, True, 0)",double,-0.24663577379217244,0.2596346581317173,0.5173278397395827,
hard,12,3,"(12, 3, False, True, 0)",hit,-0.24663577379217244,-0.234016176387135,-0.46803235277427,
hard,13,3,"(13, 3, False, True, 0)",stand,-0.24663577379217244,-0.291967270710814,-0.583934541421628,
hard,14,3,"(14, 3, False, True, 0)",stand,-0.24663577379217244,-0.3499183650344931,-0.6998367300689862,
hard,15,3,"(15, 3, False, True, 0)",stand,-0.24663577379217244,-0.40786945935817215,-0.8157389187163443,
hard,16,3,"(16, 3, False, True, 0)",stand,-0.24663577379217244,-0.46582055368185116,-0.9316411073637023,
hard,17,3,"(17, 3, False, True, 0)",stand,-0.12030774273351591,-0.5334891888561962,-1.0669783777123925,
hard,18,3,"(18, 3, False, True, 0)",stand,0.1379772970375636,-0.6210259040129318,-1.2420518080258636,
hard,19,3,"(19, 3, False, True, 0)",stand,0.39698952530936893,-0.728486636729037,-1.456973273458074,
soft,13,3,"(13, 3, True, True, 0)",hit,-0.24663577379217244,0.07409648250815358,-0.004423598184837625,
soft,14,3,"(14, 3, True, True, 0)",hit,-0.24663577379217244,0.05118703562955886,-0.004423598184837625,
soft,15,3,"(15, 3, True, True, 0)",hit,-0.24663577379217244,0.029913977813720904,-0.004423598184837625,
soft,16,3,"(16, 3, True, True, 0)",hit,-0.24663577379217244,0.010160424127585692,-0.004423598184837615,
soft,17,3,"(17, 3, True, True, 0)",double,-0.12030774273351591,0.027911561721504836,0.053881646919157714,
soft,18,3,"(18, 3, True, True, 0)",double,0.1379772970375636,0.087515801668677,0.1730901268135021,
soft,19,3,"(19, 3, True, True, 0)",stand,0.39698952530936893,0.14728785434678593,0.29263423216971995,
soft,20,3,"(20, 3, True, True, 0)",stand,0.6458480474784468,0.2047167440781116,0.4074920116323713,
pair,2,3,"(4, 3, False, True, 2)",split,-0.24663577379217244,-0.0807615525333353,-0.49327154758434494,-0.025941895641124146
pair,3,3,"(6, 3, False, True, 3)",split,-0.24663577379217244,-0.10487404133749784,-0.47383646588301315,-0.06080996646459247
pair,4,3,"(8, 3, False, True, 4)",hit,-0.24663577379217244,0.005567930875393198,-0.13813222243370762,-0.08769043204837905
pair,5,3,"(10, 3, False, True, 5)",double,-0.24663577379217244,0.2047167440781116,0.4074920116323713,-0.11253893760850361
pair,6,3,"(12, 3, False, True, 6)",split,-0.24663577379217244,-0.234016176387135,-0.46803235277427,-0.1319200119339883
pair,7,3,"(14, 3, False, True, 7)",split,-0.24663577379217244,-0.3499183650344931,-0.6998367300689862,-0.07464048893992599
pair,8,3,"(16, 3, False, True, 8)",split,-0.24663577379217244,-0.46582055368185116,-0.9316411073637023,0.0819771616218826
pair,9,3,"(18, 3, False, True, 9)",split,0.1379772970375636,-0.6210259040129318,-1.2420518080258636,0.23819142633903512
pair,10,3,"(20, 3, False, True, 10)",stand,0.6458480474784468,-0.8550903326889177,-1.7101806653778353,0.4094334881562232
pair,11,3,"(12, 3, True, True, 11)",split,-0.24663577379217244,0.10168040931703344,-0.004423598184837625,0.5173278397395827
hard,5,4,"(5, 4, False, True, 0)",hit,-0.20584968608305465,-0.05886893847750462,-0.41169937216610936,
hard,6,4,"(6, 4, False, True, 0)",hit,-0.20584968608305465,-0.07007777334728602,-0.39286773629674576,
hard,7,4,"(7, 4, False, True, 0)",hit,-0.20584968608305465,-0.04282636771707132,-0.2791237996724039,
hard,8,4,"(8, 4, False, True, 0)",hit,-0.20584968608305465,0.03701077509451457,-0.06815133225373485,
hard,9,4,"(9, 4, False, True, 0)",double,-0.20584968608305465,0.12758849558767746,0.1799996145698442,
hard,10,4,"(10, 4, False, True, 0)",double,-0.20584968608305465,0.22962110185909185,0.4592422037181837,
hard,11,4,"(11, 4, False, True, 0)",double,-0.20584968608305465,0.28280326185276494,0.5656065237055299,
hard,12,4,"(12, 4, False, True, 0)",stand,-0.20584968608305465,-0.2138385957920505,-0.427677191584101,
hard,13,4,"(13, 4, False, True, 0)",stand,-0.20584968608305465,-0.2749270814779694,-0.5498541629559388,
hard,14,4,"(14, 4, False, True, 0)",stand,-0.20584968608305465,-0.33601556716388825,-0.6720311343277765,
hard,15,4,"(15, 4, False, True, 0)",stand,-0.20584968608305465,-0.3971040528498071,-0.7942081056996142,
hard,16,4,"(16, 4, False, True, 0)",stand,-0.20584968608305465,-0.458192538535726,-0.916385077071452,
hard,17,4,"(17, 4, False, True, 0)",stand,-0.0834440529321912,-0.5286968421563267,-1.0573936843126535,
hard,18,4,"(18, 4, False, True, 0)",stand,0.1662690025225767,-0.618409842350371,-1.236819684700742,
hard,19,4,"(19, 4, False, True, 0)",stand,0.4163321857739904,-0.7273584720252935,-1.454716944050587,
soft,13,4,"(13, 4, True, True, 0)",hit,-0.20584968608305465,0.10302707120599633,0.06103069390325,
soft,14,4,"(14, 4, True, True, 0)",hit,-0.20584968608305465,0.08096444568534986,0.06103069390325,
soft,15,4,"(15, 4, True, True, 0)",double,-0.20584968608305465,0.06047772198760667,0.06103069390325,
soft,16,4,"(16, 4, True, True, 0)",double,-0.20584968608305465,0.04145433569684513,0.06103069390325001,
soft,17,4,"(17, 4, True, True, 0)",double,-0.0834440529321912,0.058762800755670405,0.11752560151134081,
soft,18,4,"(18, 4, True, True, 0)",double,0.1662690025225767,0.11638889047600148,0.23277778095200297,
soft,19,4,"(19, 4, True, True, 0)",stand,0.4163321857739904,0.17409577891863542,0.34819155783727085,
soft,20,4,"(20, 4, True, True, 0)",stand,0.6569419185159682,0.22962110185909185,0.4592422037181837,
pair,2,4,"(4, 4, False, True, 2)",split,-0.20584968608305465,-0.04696160778315614,-0.41169937216610936,0.04657734717489722
pair,3,4,"(6, 4, False, True, 3)",split,-0.20584968608305465,-0.07007777334728602,-0.39286773629674576,0.018738777356351828
pair,4,4,"(8, 4, False, True, 4)",hit,-0.20584968608305465,0.03701077509451457,-0.06815133225373485,-0.006940376395594283
pair,5,4,"(10, 4, False, True, 5)",double,-0.20584968608305465,0.22962110185909185,0.4592422037181837,-0.027828362970327956
pair,6,4,"(12, 4, False, True, 6)",split,-0.20584968608305465,-0.2138385957920505,-0.427677191584101,-0.044217349240772946
pair,7,4,"(14, 4, False, True, 7)",split,-0.20584968608305465,-0.33601556716388825,-0.6720311343277765,0.011477150892541942
pair,8,4,"(16, 4, False, True, 8)",split,-0.20584968608305465,-0.458192538535726,-0.916385077071452,0.15285606768316096
pair,9,4,"(18, 4, False, True, 9)",split,0.1662690025225767,-0.618409842350371,-1.236819684700742,0.2986851853065495
pair,10,4,"(20, 4, False, True, 10)",stand,0.6569419185159682,-0.8548155426803679,-1.7096310853607357,0.4592422037181837
pair,11,4,"(12, 4, True, True, 11)",split,-0.20584968608305465,0.12678682176669256,0.06103069390325,0.5656065237055299
hard,5,5,"(5, 5, False, True, 0)",hit,-0.16468249424828368,-0.02272205059969438,-0.32936498849656737,
hard,6,5,"(6, 5, False, True, 0)",hit,-0.16468249424828368,-0.033548869940164656,-0.31115592087707267,
hard,7,5,"(7, 5, False, True, 0)",hit,-0.16468249424828368,-0.007177266764625569,-0.2012012595668129,
hard,8,5,"(8, 5, False, True, 0)",hit,-0.16468249424828368,0.06995063315432906,0.002599762214086601,
hard,9,5,"(9, 5, False, True, 0)",double,-0.16468249424828368,0.1573614483811529,0.24211866364068396,
hard,10,5,"(10, 5, False, True, 0)",double,-0.16468249424828368,0.2558497670758891,0.5116995341517782,
hard,11,5,"(11, 5, False, True, 0)",double,-0.16468249424828368,0.30724502104225837,0.6144900420845167,
hard,12,5,"(12, 5, False, True, 0)",stand,-0.16468249424828368,-0.19341659731927074,-0.3868331946385415,
hard,13,5,"(13, 5, False, True, 0)",stand,-0.16468249424828368,-0.2576717900694028,-0.5153435801388055,
hard,14,5,"(14, 5, False, True, 0)",stand,-0.16468249424828368,-0.3219269828195348,-0.6438539656390696,
hard,15,5,"(15, 5, False, True, 0)",stand,-0.16468249424828368,-0.38618217556966683,-0.7723643511393337,
hard,16,5,"(16, 5, False, True, 0)",stand,-0.16468249424828368,-0.45043736831979886,-0.9008747366395977,
hard,17,5,"(17, 5, False, True, 0)",stand,-0.04632355472156813,-0.5237970948796783,-1.0475941897593566,
hard,18,5,"(18, 5, False, True, 0)",stand,0.1949459856882581,-0.6157160168556981,-1.2314320337113962,
hard,19,5,"(19, 5, False, True, 0)",stand,0.43621552609808434,-0.7261941342478585,-1.452388268495717,
soft,13,5,"(13, 5, True, True, 0)",hit,-0.16468249424828368,0.13362751686623547,0.12720834736251474,
soft,14,5,"(14, 5, True, True, 0)",double,-0.16468249424828368,0.11231965892948412,0.12720834736251474,
soft,15,5,"(15, 5, True, True, 0)",double,-0.16468249424828368,0.09253379084535784,0.12720834736251474,
soft,16,5,"(16, 5, True, True, 0)",double,-0.16468249424828368,0.07416119905295487,0.12720834736251474,
soft,17,5,"(17, 5, True, True, 0)",double,-0.04632355472156813,0.09091777511049942,0.18183555022099884,
soft,18,5,"(18, 5, True, True, 0)",double,0.1949459856882581,0.14659536135892087,0.29319072271784175,
soft,19,5,"(19, 5, True, True, 0)",stand,0.43621552609808434,0.2022729476073423,0.4045458952146846,
soft,20,5,"(20, 5, True, True, 0)",stand,0.6683817437951204,0.2558497670758891,0.5116995341517782,
pair,2,5,"(4, 5, False, True, 2)",split,-0.16468249424828368,-0.011221572438115774,-0.32936498849656737,0.12899794664027822
pair,3,5,"(6, 5, False, True, 3)",split,-0.16468249424828368,-0.033548869940164656,-0.31115592087707267,0.10440100951506459
pair,4,5,"(8, 5, False, True, 4)",split,-0.16468249424828368,0.06995063315432906,0.002599762214086601,0.08256094126143546
pair,5,5,"(10, 5, False, True, 5)",double,-0.16468249424828368,0.2558497670758891,0.5116995341517782,0.062386537521724815
pair,6,5,"(12, 5, False, True, 6)",split,-0.16468249424828368,-0.19341659731927074,-0.3868331946385415,0.04655914911785189
pair,7,5,"(14, 5, False, True, 7)",split,-0.16468249424828368,-0.3219269828195348,-0.6438539656390696,0.10042958037955843
pair,8,5,"(16, 5, False, True, 8)",split,-0.16468249424828368,-0.45043736831979886,-0.9008747366395977,0.22653123371145
pair,9,5,"(18, 5, False, True, 9)",split,0.1949459856882581,-0.6157160168556981,-1.2314320337113962,0.36199136153803785
pair,10,5,"(20, 5, False, True, 10)",stand,0.6683817437951204,-0.8545311914628677,-1.7090623829257354,0.5116995341517782
pair,11,5,"(12, 5, True, True, 11)",split,-0.16468249424828368,0.15657444079812155,0.12720834736251474,0.6144900420845167
hard,5,6,"(5, 6, False, True, 0)",hit,-0.12106685019651231,0.015153619459709689,-0.24213370039302462,
hard,6,6,"(6, 6, False, True, 0)",hit,-0.12106685019651231,0.004766508539315303,-0.2244663647263341,
hard,7,6,"(7, 6, False, True, 0)",hit,-0.12106685019651231,0.03040856615196181,-0.11846235072619107,
hard,8,6,"(8, 6, False, True, 0)",hit,-0.12106685019651231,0.10385811332306305,0.07587834160740449,
hard,9,6,"(9, 6, False, True, 0)",double,-0.12106685019651231,0.18730353674754283,0.3048534496810895,
hard,10,6,"(10, 6, False, True, 0)",double,-0.12106685019651231,0.2824808477642031,0.5649616955284062,
hard,11,6,"(11, 6, False, True, 0)",double,-0.12106685019651231,0.3323317045944627,0.6646634091889254,
hard,12,6,"(12, 6, False, True, 0)",stand,-0.12106685019651231,-0.17241676251641377,-0.34483352503282755,
hard,13,6,"(13, 6, False, True, 0)",stand,-0.12106685019651231,-0.24002700480898978,-0.48005400961797956,
hard,14,6,"(14, 6, False, True, 0)",stand,-0.12106685019651231,-0.3076372471015657,-0.6152744942031314,
hard,15,6,"(15, 6, False, True, 0)",stand,-0.12106685019651231,-0.3752474893941417,-0.7504949787882834,
hard,16,6,"(16, 6, False, True, 0)",stand,-0.12106685019651231,-0.4428577316867177,-0.8857154633734354,
hard,17,6,"(17, 6, False, True, 0)",stand,-0.006229168363024007,-0.5193016418126389,-1.0386032836252779,
hard,18,6,"(18, 6, False, True, 0)",stand,0.22344619530395254,-0.6134128876052507,-1.2268257752105014,
hard,19,6,"(19, 6, False, True, 0)",stand,0.4531215589709291,-0.7251914690645529,-1.4503829381291058,
soft,13,6,"(13, 6, True, True, 0)",double,-0.12106685019651231,0.16513483022847517,0.19604841330778022,
soft,14,6,"(14, 6, True, True, 0)",double,-0.12106685019651231,0.14469185305526175,0.19604841330778028,
soft,15,6,"(15, 6, True, True, 0)",double,-0.12106685019651231,0.12570908853727789,0.19604841330778022,
soft,16,6,"(16, 6, True, True, 0)",double,-0.12106685019651231,0.10808223577057857,0.19604841330778025,
soft,17,6,"(17, 6, True, True, 0)",double,-0.006229168363024007,0.1245252101539259,0.2490504203078518,
soft,18,6,"(18, 6, True, True, 0)",double,0.22344619530395254,0.1775272171539974,0.3550544343079948,
soft,19,6,"(19, 6, True, True, 0)",double,0.4531215589709291,0.23052922415406893,0.46105844830813786,
soft,20,6,"(20, 6, True, True, 0)",stand,0.6782452612815106,0.2824808477642031,0.5649616955284062,
pair,2,6,"(4, 6, False, True, 2)",split,-0.12106685019651231,0.02618902034451944,-0.24213370039302462,0.21948236842134172
pair,3,6,"(6, 6, False, True, 3)",split,-0.12106685019651231,0.004766508539315303,-0.2244663647263341,0.19682761910733687
pair,4,6,"(8, 6, False, True, 4)",split,-0.12106685019651231,0.10385811332306305,0.07587834160740449,0.1758706237756104
pair,5,6,"(10, 6, False, True, 5)",double,-0.12106685019651231,0.2824808477642031,0.5649616955284062,0.15651164550856
pair,6,6,"(12, 6, False, True, 6)",split,-0.12106685019651231,-0.17241676251641377,-0.34483352503282755,0.14136189022419038
pair,7,6,"(14, 6, False, True, 7)",split,-0.12106685019651231,-0.3076372471015657,-0.6152744942031314,0.19373570219565514
pair,8,6,"(16, 6, False, True, 8)",split,-0.12106685019651231,-0.4428577316867177,-0.8857154633734354,0.30352383306087605
pair,9,6,"(18, 6, False, True, 9)",split,0.22344619530395254,-0.6134128876052507,-1.2268257752105014,0.42573502804807994
pair,10,6,"(20, 6, False, True, 10)",stand,0.6782452612815106,-0.8542872583938999,-1.7085745167877997,0.5649616955284062
pair,11,6,"(12, 6, True, True, 11)",split,-0.12106685019651231,0.18715034410732037,0.19604841330778028,0.6646634091889254
hard,5,7,"(5, 7, False, True, 0)",hit,-0.4753751832769335,-0.11944744188414848,-0.950750366553867,
hard,6,7,"(6, 7, False, True, 0)",hit,-0.4753751832769335,-0.15193270723669947,-0.8940478752009072,
hard,7,7,"(7, 7, False, True, 0)",hit,-0.4753751832769335,-0.06880779958042778,-0.58933588566303,
hard,8,7,"(8, 7, False, True, 0)",hit,-0.4753751832769335,0.0822074393637429,-0.18772955497255242,
hard,9,7,"(9, 7, False, True, 0)",hit,-0.4753751832769335,0.17186785993695272,0.10425035196048575,
hard,10,7,"(10, 7, False, True, 0)",double,-0.4753751832769335,0.2569087443360866,0.39241245528243773,
hard,11,7,"(11, 7, False, True, 0)",double,-0.4753751832769335,0.29214699112701326,0.4628889488642909,
hard,12,7,"(12, 7, False, True, 0)",hit,-0.4753751832769335,-0.2128477145173142,-0.5067116210767303,
hard,13,7,"(13, 7, False, True, 0)",hit,-0.4753751832769335,-0.2690728777660775,-0.5874231313418175,
hard,14,7,"(14, 7, False, True, 0)",hit,-0.4753751832769335,-0.3212819579256434,-0.6681346416069046,
hard,15,7,"(15, 7, False, True, 0)",hit,-0.4753751832769335,-0.36976181807381175,-0.7488461518719918,
hard,16,7,"(16, 7, False, True, 0)",hit,-0.4753751832769335,-0.41477883106853947,-0.8295576621370789,
hard,17,7,"(17, 7, False, True, 0)",stand,-0.10680898948269474,-0.48348583187756294,-0.9669716637551259,
hard,18,7,"(18, 7, False, True, 0)",stand,0.3995541673365518,-0.5911438447496054,-1.1822876894992107,
hard,19,7,"(19, 7, False, True, 0)",stand,0.6159764957534315,-0.7154497290383309,-1.4308994580766619,
soft,13,7,"(13, 7, True, True, 0)",hit,-0.4753751832769335,0.12238569517899203,-0.18386558001638165,
soft,14,7,"(14, 7, True, True, 0)",hit,-0.4753751832769335,0.07950748849446825,-0.18386558001638165,
soft,15,7,"(15, 7, True, True, 0)",hit,-0.4753751832769335,0.03702828227926932,-0.18386558001638165,
soft,16,7,"(16, 7, True, True, 0)",hit,-0.4753751832769335,-0.004890157173015826,-0.18386558001638162,
soft,17,7,"(17, 7, True, True, 0)",hit,-0.10680898948269474,0.05382346371611668,-0.013758105957502216,
soft,18,7,"(18, 7, True, True, 0)",stand,0.3995541673365518,0.17067649990517358,0.21994796642061162,
soft,19,7,"(19, 7, True, True, 0)",stand,0.6159764957534315,0.22062011415522273,0.31983519492070994,
soft,20,7,"(20, 7, True, True, 0)",stand,0.7732272265371751,0.2569087443360866,0.39241245528243773,
pair,2,7,"(4, 7, False, True, 2)",split,-0.4753751832769335,-0.08827920105846368,-0.950750366553867,-0.0073993244927046155
pair,3,7,"(6, 7, False, True, 3)",split,-0.4753751832769335,-0.15193270723669947,-0.8940478752009072,-0.06776045882169346
pair,4,7,"(8, 7, False, True, 4)",hit,-0.4753751832769335,0.0822074393637429,-0.18772955497255242,-0.12944368385790753
pair,5,7,"(10, 7, False, True, 5)",double,-0.4753751832769335,0.2569087443360866,0.39241245528243773,-0.19178016550927715
pair,6,7,"(12, 7, False, True, 6)",hit,-0.4753751832769335,-0.2128477145173142,-0.5067116210767303,-0.25675069621437907
pair,7,7,"(14, 7, False, True, 7)",split,-0.4753751832769335,-0.3212819579256434,-0.6681346416069046,-0.0905008809018357
pair,8,7,"(16, 7, False, True, 8)",split,-0.4753751832769335,-0.41477883106853947,-0.8295576621370789,0.21152959698650559
pair,9,7,"(18, 7, False, True, 9)",stand,0.3995541673365518,-0.5911438447496054,-1.1822876894992107,0.37000371337194815
pair,10,7,"(20, 7, False, True, 10)",stand,0.7732272265371751,-0.8518518233873444,-1.7037036467746889,0.5138174886721733
pair,11,7,"(12, 7, True, True, 11)",split,-0.4753751832769335,0.16547293077063507,-0.18386558001638165,0.4628889488642909
hard,5,8,"(5, 8, False, True, 0)",hit,-0.5105175154976174,-0.18809330390318524,-1.0210350309952347,
hard,6,8,"(6, 8, False, True, 0)",hit,-0.5105175154976174,-0.21724188132078476,-1.0012555626184394,
hard,7,8,"(7, 8, False, True, 0)",hit,-0.5105175154976174,-0.2106047687243497,-0.8470757937777854,
hard,8,8,"(8, 8, False, True, 0)",hit,-0.5105175154976174,-0.059898275658656276,-0.45198684873362777,
hard,9,8,"(9, 8, False, True, 0)",hit,-0.5105175154976174,0.09837621743539254,-0.02644228964866953,
hard,10,8,"(10, 8, False, True, 0)",double,-0.5105175154976174,0.19795370833197612,0.28663571688628364,
hard,11,8,"(11, 8, False, True, 0)",double,-0.5105175154976174,0.2299821453239918,0.3506925908703151,
hard,12,8,"(12, 8, False, True, 0)",hit,-0.5105175154976174,-0.27157480502428616,-0.6156608928303438,
hard,13,8,"(13, 8, False, True, 0)",hit,-0.5105175154976174,-0.32360517609398,-0.6909658904460949,
hard,14,8,"(14, 8, False, True, 0)",hit,-0.5105175154976174,-0.37191909208726714,-0.7662708880618462,
hard,15,8,"(15, 8, False, True, 0)",hit,-0.5105175154976174,-0.41678201408103377,-0.8415758856775973,
hard,16,8,"(16, 8, False, True, 0)",hit,-0.5105175154976174,-0.4584404416466742,-0.9168808832933484,
hard,17,8,"(17, 8, False, True, 0)",stand,-0.3819509710484472,-0.5059826746429474,-1.0119653492858949,
hard,18,8,"(18, 8, False, True, 0)",stand,0.10595134861912359,-0.5910558553059571,-1.1821117106119141,
hard,19,8,"(19, 8, False, True, 0)",stand,0.5938536682866944,-0.7136599836357028,-1.4273199672714056,
soft,13,8,"(13, 8, True, True, 0)",hit,-0.5105175154976174,0.054057070196311355,-0.314440902367339,
soft,14,8,"(14, 8, True, True, 0)",hit,-0.5105175154976174,0.013277219463208494,-0.314440902367339,
soft,15,8,"(15, 8, True, True, 0)",hit,-0.5105175154976174,-0.027054780502901648,-0.314440902367339,
soft,16,8,"(16, 8, True, True, 0)",hit,-0.5105175154976174,-0.06679484792009406,-0.3144409023673389,
soft,17,8,"(17, 8, True, True, 0)",hit,-0.3819509710484472,-0.07291539872964213,-0.2551024972369528,
soft,18,8,"(18, 8, True, True, 0)",stand,0.10595134861912359,0.039677444270566534,-0.029916811236535473,
soft,19,8,"(19, 8, True, True, 0)",stand,0.5938536682866944,0.15227028727077518,0.19526887476388188,
soft,20,8,"(20, 8, True, True, 0)",stand,0.7918151595518983,0.19795370833197612,0.28663571688628364,
pair,2,8,"(4, 8, False, True, 2)",hit,-0.5105175154976174,-0.15933415266020512,-1.0210350309952347,-0.1741092318424651
pair,3,8,"(6, 8, False, True, 3)",hit,-0.5105175154976174,-0.21724188132078476,-1.0012555626184394,-0.2296695375926127
pair,4,8,"(8, 8, False, True, 4)",hit,-0.5105175154976174,-0.059898275658656276,-0.45198684873362777,-0.28645408161262087
pair,5,8,"(10, 8, False, True, 5)",double,-0.5105175154976174,0.19795370833197612,0.28663571688628364,-0.3439723840985811
pair,6,8,"(12, 8, False, True, 6)",hit,-0.5105175154976174,-0.27157480502428616,-0.6156608928303438,-0.40226953893378015
pair,7,8,"(14, 8, False, True, 7)",hit,-0.5105175154976174,-0.37191909208726714,-0.7662708880618462,-0.38899531374091006
pair,8,8,"(16, 8, False, True, 8)",split,-0.5105175154976174,-0.4584404416466742,-0.9168808832933484,-0.08758232760952324
pair,9,8,"(18, 8, False, True, 9)",split,0.10595134861912359,-0.5910558553059571,-1.1821117106119141,0.21532327264714252
pair,10,8,"(20, 8, False, True, 10)",stand,0.7918151595518983,-0.8514919189858488,-1.7029838379716975,0.39590741666395224
pair,11,8,"(12, 8, True, True, 11)",split,-0.5105175154976174,0.0951150209270323,-0.314440902367339,0.3506925908703151
hard,5,9,"(5, 9, False, True, 0)",hit,-0.5431496811311095,-0.2666150533579591,-1.086299362262219,
hard,6,9,"(6, 9, False, True, 0)",hit,-0.5431496811311095,-0.2926407001977261,-1.0678385251105433,
hard,7,9,"(7, 9, False, True, 0)",hit,-0.5431496811311095,-0.28536544048687673,-0.9570735022004893,
hard,8,9,"(8, 9, False, True, 0)",hit,-0.5431496811311095,-0.21018633199821768,-0.7185013349521748,
hard,9,9,"(9, 9, False, True, 0)",hit,-0.5431496811311095,-0.052178053462651794,-0.30099565908098247,
hard,10,9,"(10, 9, False, True, 0)",double,-0.5431496811311095,0.1165295910692838,0.14432836838077098,
hard,11,9,"(11, 9, False, True, 0)",double,-0.5431496811311095,0.15825711845512566,0.22778342315245464,
hard,12,9,"(12, 9, False, True, 0)",hit,-0.5431496811311095,-0.34001328060893565,-0.7375056210491797,
hard,13,9,"(13, 9, False, True, 0)",hit,-0.5431496811311095,-0.3871551891368688,-0.8077902854905474,
hard,14,9,"(14, 9, False, True, 0)",hit,-0.5431496811311095,-0.4309298184842353,-0.8780749499319151,
hard,15,9,"(15, 9, False, True, 0)",hit,-0.5431496811311095,-0.4715776885925042,-0.9483596143732829,
hard,16,9,"(16, 9, False, True, 0)",hit,-0.5431496811311095,-0.5093221394073254,-1.0186442788146508,
hard,17,9,"(17, 9, False, True, 0)",stand,-0.4231542396452175,-0.5536948902038471,-1.1073897804076942,
hard,18,9,"(18, 9, False, True, 0)",stand,-0.18316335667343342,-0.6165284781520445,-1.233056956304089,
hard,19,9,"(19, 9, False, True, 0)",stand,0.28759675706758137,-0.7155743825418585,-1.431148765083717,
soft,13,9,"(13, 9, True, True, 0)",hit,-0.5431496811311095,-0.037694688127479954,-0.45636696328370857,
soft,14,9,"(14, 9, True, True, 0)",hit,-0.5431496811311095,-0.07516318944168386,-0.45636696328370857,
soft,15,9,"(15, 9, True, True, 0)",hit,-0.5431496811311095,-0.11218876868994296,-0.45636696328370857,
soft,16,9,"(16, 9, True, True, 0)",hit,-0.5431496811311095,-0.14864353463007482,-0.45636696328370857,
soft,17,9,"(17, 9, True, True, 0)",hit,-0.4231542396452175,-0.1497868921821333,-0.4009844518286815,
soft,18,9,"(18, 9, True, True, 0)",hit,-0.18316335667343342,-0.1007443075804153,-0.2902194289186273,
soft,19,9,"(19, 9, True, True, 0)",stand,0.28759675706758137,0.007892641744434256,-0.07294553026892811,
soft,20,9,"(20, 9, True, True, 0)",stand,0.7583568708085962,0.1165295910692838,0.14432836838077098,
pair,2,9,"(4, 9, False, True, 2)",hit,-0.5431496811311095,-0.2406661791533655,-1.086299362262219,-0.36512119656719905
pair,3,9,"(6, 9, False, True, 3)",hit,-0.5431496811311095,-0.2926407001977261,-1.0678385251105433,-0.41518015608743086
pair,4,9,"(8, 9, False, True, 4)",hit,-0.5431496811311095,-0.21018633199821768,-0.7185013349521748,-0.46635926876691314
pair,5,9,"(10, 9, False, True, 5)",double,-0.5431496811311095,0.1165295910692838,0.14432836838077098,-0.5182570171761003
pair,6,9,"(12, 9, False, True, 6)",hit,-0.5431496811311095,-0.34001328060893565,-0.7375056210491797,-0.5703083108556343
pair,7,9,"(14, 9, False, True, 7)",hit,-0.5431496811311095,-0.4309298184842353,-0.8780749499319151,-0.5557577914339356
pair,8,9,"(16, 9, False, True, 8)",split,-0.5431496811311095,-0.5093221394073254,-1.0186442788146508,-0.4053995744566175
pair,9,9,"(18, 9, False, True, 9)",split,-0.18316335667343342,-0.6165284781520445,-1.233056956304089,-0.09365975235648369
pair,10,9,"(20, 9, False, True, 10)",stand,0.7583568708085962,-0.8508326033732889,-1.7016652067465778,0.2330591821385676
pair,11,9,"(12, 9, True, True, 11)",split,-0.5431496811311095,6.579084122682955e-05,-0.45636696328370857,0.22778342315245464
hard,5,10,"(5, 10, False, True, 0)",hit,-0.540430333994985,-0.3134116433649712,-1.08086066798997,
hard,6,10,"(6, 10, False, True, 0)",hit,-0.540430333994985,-0.33774944037840815,-1.0622899449028675,
hard,7,10,"(7, 10, False, True, 0)",hit,-0.540430333994985,-0.3190547913983386,-0.9508656063802536,
hard,8,10,"(8, 10, False, True, 0)",hit,-0.540430333994985,-0.24937508055334262,-0.746587652422128,
hard,9,10,"(9, 10, False, True, 0)",hit,-0.540430333994985,-0.15295298487455078,-0.4667067138282591,
hard,10,10,"(10, 10, False, True, 0)",hit,-0.540430333994985,0.02530852304086817,-0.008658688034544615,
hard,11,10,"(11, 10, False, True, 0)",double,-0.540430333994985,0.11948223076371359,0.17968872741114633,
hard,12,10,"(12, 10, False, True, 0)",hit,-0.540430333994985,-0.38104299284808774,-0.7968405904052414,
hard,13,10,"(13, 10, False, True, 0)",hit,-0.540430333994985,-0.4252542076446529,-0.8675436159444745,
hard,14,10,"(14, 10, False, True, 0)",hit,-0.540430333994985,-0.4663074785271777,-0.9382466414837075,
hard,15,10,"(15, 10, False, True, 0)",hit,-0.540430333994985,-0.5044283729180936,-1.0089496670229408,
hard,16,10,"(16, 10, False, True, 0)",hit,-0.540430333994985,-0.5398263462810869,-1.0796526925621739,
hard,17,10,"(17, 10, False, True, 0)",stand,-0.41972063392881986,-0.5844632205942546,-1.1689264411885092,
hard,18,10,"(18, 10, False, True, 0)",stand,-0.17830123379648952,-0.6476708179945246,-1.2953416359890493,
hard,19,10,"(19, 10, False, True, 0)",stand,0.06311816633584086,-0.7294491384818971,-1.4588982769637941,
soft,13,10,"(13, 10, True, True, 0)",hit,-0.540430333994985,-0.10485135840627784,-0.514028488248309,
soft,14,10,"(14, 10, True, True, 0)",hit,-0.540430333994985,-0.1394667821754546,-0.514028488248309,
soft,15,10,"(15, 10, True, True, 0)",hit,-0.540430333994985,-0.17370423031226792,-0.514028488248309,
soft,16,10,"(16, 10, True, True, 0)",hit,-0.540430333994985,-0.20744109003068217,-0.514028488248309,
soft,17,10,"(17, 10, True, True, 0)",hit,-0.41972063392881986,-0.19686697623363472,-0.45831631898700204,
soft,18,10,"(18, 10, True, True, 0)",hit,-0.17830123379648952,-0.1438081231740536,-0.34689198046438807,
soft,19,10,"(19, 10, True, True, 0)",stand,0.06311816633584086,-0.08809595391274656,-0.23546764194177403,
soft,20,10,"(20, 10, True, True, 0)",stand,0.5545375664681712,0.02530852304086817,-0.008658688034544615,
pair,2,10,"(4, 10, False, True, 2)",hit,-0.540430333994985,-0.2891979144856752,-1.08086066798997,-0.4747335283695232
pair,3,10,"(6, 10, False, True, 3)",hit,-0.540430333994985,-0.33774944037840815,-1.0622899449028675,-0.5213958916491924
pair,4,10,"(8, 10, False, True, 4)",hit,-0.540430333994985,-0.24937508055334262,-0.746587652422128,-0.5691332910255916
pair,5,10,"(10, 10, False, True, 5)",hit,-0.540430333994985,0.02530852304086817,-0.008658688034544615,-0.6175607487841834
pair,6,10,"(12, 10, False, True, 6)",hit,-0.540430333994985,-0.38104299284808774,-0.7968405904052414,-0.6662363428110575
pair,7,10,"(14, 10, False, True, 7)",hit,-0.540430333994985,-0.4663074785271777,-0.9382466414837075,-0.6288470448509182
pair,8,10,"(16, 10, False, True, 8)",split,-0.540430333994985,-0.5398263462810869,-1.0796526925621739,-0.4894876231609264
pair,9,10,"(18, 10, False, True, 9)",stand,-0.17830123379648952,-0.6476708179945246,-1.2953416359890493,-0.2966434318033426
pair,10,10,"(20, 10, False, True, 10)",stand,0.5545375664681712,-0.849028951287141,-1.698057902574282,0.05061704608173634
pair,11,10,"(12, 10, True, True, 11)",split,-0.540430333994985,-0.07000239735796474,-0.5140284882483089,0.17968872741114633
hard,5,11,"(5, 11, False, True, 0)",hit,-0.5986744466326205,-0.3164000854464791,-1.1973488932652412,
hard,6,11,"(6, 11, False, True, 0)",hit,-0.5986744466326205,-0.3406491765310577,-1.184572614738943,
hard,7,11,"(7, 11, False, True, 0)",hit,-0.5986744466326205,-0.3491881318514193,-1.0888680481072026,
hard,8,11,"(8, 11, False, True, 0)",hit,-0.5986744466326205,-0.2634769655773493,-0.8340476114742151,
hard,9,11,"(9, 11, False, True, 0)",hit,-0.5986744466326205,-0.12425387636747628,-0.4584401404188758,
hard,10,11,"(10, 11, False, True, 0)",hit,-0.5986744466326205,0.032873955498735744,-0.036280338457055,
hard,11,11,"(11, 11, False, True, 0)",double,-0.5986744466326205,0.10270245185845812,0.10337665426238976,
hard,12,11,"(12, 11, False, True, 0)",hit,-0.5986744466326205,-0.384117826154894,-0.8372551909215873,
hard,13,11,"(13, 11, False, True, 0)",hit,-0.5986744466326205,-0.428109410000973,-0.8989975837473381,
hard,14,11,"(14, 11, False, True, 0)",hit,-0.5986744466326205,-0.4689587378580463,-0.9607399765730887,
hard,15,11,"(15, 11, False, True, 0)",hit,-0.5986744466326205,-0.5068902565824716,-1.0224823693988394,
hard,16,11,"(16, 11, False, True, 0)",hit,-0.5986744466326205,-0.542112381112295,-1.08422476222459,
hard,17,11,"(17, 11, False, True, 0)",stand,-0.515628636211682,-0.5793717167883196,-1.1587434335766391,
hard,18,11,"(18, 11, False, True, 0)",stand,-0.22573219478912268,-0.6389307787276177,-1.2778615574552354,
hard,19,11,"(19, 11, False, True, 0)",stand,0.1879690672141187,-0.7303130146671654,-1.4606260293343307,
soft,13,11,"(13, 11, True, True, 0)",hit,-0.5986744466326205,-0.09897322213473934,-0.5902856196185846,
soft,14,11,"(14, 11, True, True, 0)",hit,-0.5986744466326205,-0.1341541863700627,-0.5902856196185845,
soft,15,11,"(15, 11, True, True, 0)",hit,-0.5986744466326205,-0.16890637396904015,-0.5902856196185846,
soft,16,11,"(16, 11, True, True, 0)",hit,-0.5986744466326205,-0.20311154402137768,-0.5902856196185845,
soft,17,11,"(17, 11, True, True, 0)",hit,-0.515628636211682,-0.21975910527055376,-0.5519567840396898,
soft,18,11,"(18, 11, True, True, 0)",hit,-0.22573219478912268,-0.1580650885027603,-0.4181584264600471,
soft,19,11,"(19, 11, True, True, 0)",stand,0.1879690672141187,-0.06259556650201226,-0.22721938245855106,
soft,20,11,"(20, 11, True, True, 0)",stand,0.6016703292173602,0.032873955498735744,-0.036280338457055,
pair,2,11,"(4, 11, False, True, 2)",hit,-0.5986744466326205,-0.29222771573286166,-1.1973488932652412,-0.49005997976920507
pair,3,11,"(6, 11, False, True, 3)",hit,-0.5986744466326205,-0.3406491765310577,-1.184572614738943,-0.5366811197756162
pair,4,11,"(8, 11, False, True, 4)",hit,-0.5986744466326205,-0.2634769655773493,-0.8340476114742151,-0.5843517080189646
pair,5,11,"(10, 11, False, True, 5)",hit,-0.5986744466326205,0.032873955498735744,-0.036280338457055,-0.6326964474461995
pair,6,11,"(12, 11, False, True, 6)",hit,-0.5986744466326205,-0.384117826154894,-0.8372551909215873,-0.6811946296153567
pair,7,11,"(14, 11, False, True, 7)",hit,-0.5986744466326205,-0.4689587378580463,-0.9607399765730887,-0.6982725402560799
pair,8,11,"(16, 11, False, True, 8)",split,-0.5986744466326205,-0.542112381112295,-1.08422476222459,-0.5268502077079399
pair,9,11,"(18, 11, False, True, 9)",stand,-0.22573219478912268,-0.6389307787276177,-1.2778615574552354,-0.24840402928819383
pair,10,11,"(20, 11, False, True, 10)",stand,0.6016703292173602,-0.8535184246069624,-1.7070368492139247,0.06574791099747149
pair,11,11,"(12, 11, True, True, 11)",split,-0.5986744466326205,-0.06350314987285696,-0.5902856196185845,0.10337665426238976
