rule,kind,total,dealer,agent,optimal,cost,frequency,ev_stand,ev_hit,ev_double,ev_split
S17,hard,5,2,hit,hit,0.0,0.000910332271279017,-0.29278372720927737,-0.12821556706374754,-0.5855674544185547,
S17,hard,6,2,hit,hit,0.0,0.000910332271279017,-0.29278372720927737,-0.14075911746001996,-0.5640583560296725,
S17,hard,7,2,hit,hit,0.0,0.001820664542558034,-0.29278372720927737,-0.10918342786661638,-0.4357578871045384,
S17,hard,8,2,hit,hit,0.0,0.001820664542558034,-0.29278372720927737,-0.021798188008805695,-0.20449052049882196,
S17,hard,9,2,hit,hit,0.0,0.002730996813837051,-0.29278372720927737,0.07444603757634054,0.061118503166597005,
S17,hard,10,2,double,double,0.0,0.002730996813837051,-0.29278372720927737,0.18249999400904493,0.3589394124422992,
S17,hard,11,2,double,double,0.0,0.0036413290851160683,-0.29278372720927737,0.23835074945762982,0.470640923339469,
S17,hard,12,2,hit,hit,0.0,0.006372325898953118,-0.29278372720927737,-0.2533899859666381,-0.5067799719332762,
S17,hard,13,2,stand,stand,0.0,0.006372325898953118,-0.29278372720927737,-0.30779123771977057,-0.6155824754395411,
S17,hard,14,2,stand,stand,0.0,0.005461993627674102,-0.29278372720927737,-0.36219248947290306,-0.7243849789458061,
S17,hard,15,2,stand,stand,0.0,0.005461993627674102,-0.29278372720927737,-0.41659374122603565,-0.8331874824520713,
S17,hard,16,2,stand,stand,0.0,0.004551661356395085,-0.29278372720927737,-0.47099499297916814,-0.9419899859583363,
S17,hard,17,2,stand,stand,0.0,0.004551661356395085,-0.15297458768154204,-0.5361507939267419,-1.0723015878534838,
S17,hard,18,2,stand,stand,0.0,0.003641329085116068,0.12174190222088771,-0.6224386325591178,-1.2448772651182356,
S17,hard,19,2,stand,stand,0.0,0.003641329085116068,0.38630468602059,-0.7290774545607017,-1.4581549091214034,
S17,soft,13,2,hit,hit,0.0,0.000910332271279017,-0.29278372720927737,0.046636132695309515,-0.07156995790821605,
S17,soft,14,2,hit,hit,0.0,0.000910332271279017,-0.29278372720927737,0.02239185698783903,-0.07156995790821605,
S17,soft,15,2,hit,hit,0.0,0.000910332271279017,-0.29278372720927737,-0.00012068474052642254,-0.07156995790821608,
S17,soft,16,2,hit,hit,0.0,0.000910332271279017,-0.29278372720927737,-0.021025187774008622,-0.07156995790821603,
S17,soft,17,2,hit,hit,0.0,0.000910332271279017,-0.15297458768154204,-0.0004910435828891589,-0.007042662741568968,
S17,soft,18,2,double,stand,0.0019923388536429443,0.000910332271279017,0.12174190222088771,0.06290506947151772,0.11974956336724477,
S17,soft,19,2,stand,stand,0.0,0.000910332271279017,0.38630468602059,0.12395801957914132,0.241855463582492,
S17,soft,20,2,stand,stand,0.0,0.000910332271279017,0.6399865752168389,0.18249999400904493,0.3589394124422992,
S17,pair,2,2,split,split,0.0,0.0004551661356395085,-0.29278372720927737,-0.1149133276189214,-0.5855674544185547,-0.08888724089711461
S17,pair,3,2,split,split,0.0,0.0004551661356395085,-0.29278372720927737,-0.14075911746001996,-0.5640583560296725,-0.13816353305492143
S17,pair,4,2,hit,hit,0.0,0.0004551661356395085,-0.29278372720927737,-0.021798188008805695,-0.20449052049882196,-0.1669451794970592
S17,pair,5,2,double,double,0.0,0.0004551661356395085,-0.29278372720927737,0.18249999400904493,0.3589394124422992,-0.19354965838671145
S17,pair,6,2,split,split,0.0,0.0004551661356395085,-0.29278372720927737,-0.2533899859666381,-0.5067799719332762,-0.21863675917925632
S17,pair,7,2,split,split,0.0,0.0004551661356395085,-0.29278372720927737,-0.36219248947290306,-0.7243849789458061,-0.15548537999244913
S17,pair,8,2,split,split,0.0,0.0004551661356395085,-0.29278372720927737,-0.47099499297916814,-0.9419899859583363,0.01928509972317223
S17,pair,9,2,split,split,0.0,0.0004551661356395085,0.12174190222088771,-0.6224386325591178,-1.2448772651182356,0.18462902498065634
S17,pair,10,2,stand,stand,0.0,0.007282658170232136,0.6399865752168389,-0.85523026803892,-1.71046053607784,0.36499998801808986
S17,pair,11,2,split,split,0.0,0.0004551661356395085,-0.29278372720927737,0.08183621605165609,-0.07156995790821605,0.470640923339469
S17,hard,5,3,hit,hit,0.0,0.000910332271279017,-0.2522502292357135,-0.09531022726148984,-0.5045004584714271,
S17,hard,6,3,hit,hit,0.0,0.000910332271279017,-0.2522502292357135,-0.10729107800860833,-0.4837259988081748,
S17,hard,7,3,hit,hit,0.0,0.001820664542558034,-0.2522502292357135,-0.07658298190446353,-0.3597794964219525,
S17,hard,8,3,hit,hit,0.0,0.001820664542558034,-0.2522502292357135,0.008005262530654752,-0.13621609509408666,
S17,hard,9,3,double,double,0.0,0.002730996813837051,-0.2522502292357135,0.10126470173887683,0.12081635332999668,
S17,hard,10,3,double,double,0.0,0.002730996813837051,-0.2522502292357135,0.206087975813941,0.40932067017593937,
S17,hard,11,3,double,double,0.0,0.0036413290851160683,-0.2522502292357135,0.2603252672870798,0.517795253122217,
S17,hard,12,3,hit,hit,0.0,0.006372325898953118,-0.2522502292357135,-0.23369089979808655,-0.4673817995961731,
S17,hard,13,3,stand,stand,0.0,0.006372325898953118,-0.2522502292357135,-0.29121011293380095,-0.5824202258676019,
S17,hard,14,3,stand,stand,0.0,0.005461993627674102,-0.2522502292357135,-0.34872932606951523,-0.6974586521390305,
S17,hard,15,3,stand,stand,0.0,0.005461993627674102,-0.2522502292357135,-0.40624853920522963,-0.8124970784104593,
S17,hard,16,3,stand,stand,0.0,0.004551661356395085,-0.2522502292357135,-0.463767752340944,-0.927535504681888,
S17,hard,17,3,stand,stand,0.0,0.004551661356395085,-0.11721624142457354,-0.5316741953082844,-1.0633483906165688,
S17,hard,18,3,stand,stand,0.0,0.003641329085116068,0.14830007284131125,-0.6200049701422315,-1.240009940284463,
S17,hard,19,3,stand,stand,0.0,0.003641329085116068,0.4043629365977601,-0.7280328883420591,-1.4560657766841183,
S17,soft,13,3,hit,hit,0.0,0.000910332271279017,-0.2522502292357135,0.07411881339274413,-0.007228094510458347,
S17,soft,14,3,hit,hit,0.0,0.000910332271279017,-0.2522502292357135,0.050806738919282855,-0.007228094510458347,
S17,soft,15,3,hit,hit,0.0,0.000910332271279017,-0.2522502292357135,0.029159812622497405,-0.007228094510458402,
S17,soft,16,3,hit,hit,0.0,0.000910332271279017,-0.2522502292357135,0.009059095346910892,-0.007228094510458409,
S17,soft,17,3,double,double,0.0,0.000910332271279017,-0.11721624142457354,0.028975282965620568,0.0550952844792985,
S17,soft,18,3,double,double,0.0,0.000910332271279017,0.14830007284131125,0.09024827856544015,0.17764127567893773,
S17,soft,19,3,stand,stand,0.0,0.000910332271279017,0.4043629365977601,0.14933970866308222,0.29582413587422185,
S17,soft,20,3,stand,stand,0.0,0.000910332271279017,0.6502720942514815,0.206087975813941,0.40932067017593937,
S17,pair,2,3,split,split,0.0,0.0004551661356395085,-0.2522502292357135,-0.08261331429974432,-0.5045004584714271,-0.02561613047924621
S17,pair,3,3,split,split,0.0,0.0004551661356395085,-0.2522502292357135,-0.10729107800860833,-0.4837259988081748,-0.06386643474421719
S17,pair,4,3,hit,hit,0.0,0.0004551661356395085,-0.2522502292357135,0.008005262530654752,-0.13621609509408666,-0.0913413467859109
S17,pair,5,3,double,double,0.0,0.0004551661356395085,-0.2522502292357135,0.206087975813941,0.40932067017593937,-0.11673517270940191
S17,pair,6,3,split,split,0.0,0.0004551661356395085,-0.2522502292357135,-0.23369089979808655,-0.4673817995961731,-0.1366784124323038
S17,pair,7,3,split,split,0.0,0.0004551661356395085,-0.2522502292357135,-0.34872932606951523,-0.6974586521390305,-0.0747666507895606
S17,pair,8,3,split,split,0.0,0.0004551661356395085,-0.2522502292357135,-0.463767752340944,-0.927535504681888,0.08688786047625346
S17,pair,9,3,split,split,0.0,0.0004551661356395085,0.14830007284131125,-0.6200049701422315,-1.240009940284463,0.24214017052931325
S17,pair,10,3,stand,stand,0.0,0.007282658170232136,0.6502720942514815,-0.8549768955921732,-1.7099537911843463,0.412175951627882
S17,pair,11,3,split,split,0.0,0.0004551661356395085,-0.2522502292357135,0.10350704654207785,-0.007228094510458319,0.517795253122217
S17,hard,5,4,hit,hit,0.0,0.000910332271279017,-0.21106310899491437,-0.06147946419969428,-0.42212621798982886,
S17,hard,6,4,hit,hit,0.0,0.000910332271279017,-0.21106310899491437,-0.07291714192638733,-0.4020508740129676,
S17,hard,7,4,hit,hit,0.0,0.001820664542558034,-0.21106310899491437,-0.043021794004341904,-0.28229906574509145,
S17,hard,8,4,hit,hit,0.0,0.001820664542558034,-0.21106310899491437,0.038784473277208784,-0.06637207115265838,
S17,hard,9,4,double,double,0.0,0.002730996813837051,-0.21106310899491437,0.12898088119574175,0.18194893405242163,
S17,hard,10,4,double,double,0.0,0.002730996813837051,-0.21106310899491437,0.23047012189717694,0.4609402437943539,
S17,hard,11,4,double,double,0.0,0.0036413290851160683,-0.21106310899491437,0.2830202752089879,0.5660405504179759,
S17,hard,12,4,stand,stand,0.0,0.006372325898953118,-0.21106310899491437,-0.213536553245077,-0.427073106490154,
S17,hard,13,4,stand,stand,0.0,0.006372325898953118,-0.21106310899491437,-0.2742240063993144,-0.5484480127986288,
S17,hard,14,4,stand,stand,0.0,0.005461993627674102,-0.21106310899491437,-0.3349114595535517,-0.6698229191071035,
S17,hard,15,4,stand,stand,0.0,0.005461993627674102,-0.21106310899491437,-0.3955989127077891,-0.7911978254155781,
S17,hard,16,4,stand,stand,0.0,0.004551661356395085,-0.21106310899491437,-0.4562863658620264,-0.9125727317240528,
S17,hard,17,4,stand,stand,0.0,0.004551661356395085,-0.08057337314531615,-0.5270114910046944,-1.0540229820093887,
S17,hard,18,4,stand,stand,0.0,0.003641329085116068,0.17585443719748522,-0.6174618323275779,-1.2349236646551558,
S17,hard,19,4,stand,stand,0.0,0.003641329085116068,0.42317892482749647,-0.7269371342373854,-1.4538742684747707,
S17,soft,13,4,hit,hit,0.0,0.000910332271279017,-0.21106310899491437,0.10247714687203514,0.05842651874374485,
S17,soft,14,4,hit,hit,0.0,0.000910332271279017,-0.21106310899491437,0.08008141431011018,0.05842651874374485,
S17,soft,15,4,hit,hit,0.0,0.000910332271279017,-0.21106310899491437,0.05928537693117985,0.05842651874374485,
S17,soft,16,4,double,double,0.0,0.000910332271279017,-0.21106310899491437,0.0399747707936017,0.05842651874374486,
S17,soft,17,4,double,double,0.0,0.000910332271279017,-0.08057337314531615,0.05932627533716435,0.1186525506743287,
S17,soft,18,4,double,double,0.0,0.000910332271279017,0.17585443719748522,0.11850192387781083,0.23700384775562167,
S17,soft,19,4,stand,stand,0.0,0.000910332271279017,0.42317892482749647,0.17557680563858263,0.35115361127716527,
S17,soft,20,4,stand,stand,0.0,0.000910332271279017,0.6610499619480718,0.23047012189717694,0.4609402437943539,
S17,pair,2,4,split,split,0.0,0.0004551661356395085,-0.21106310899491437,-0.04936742010691695,-0.42212621798982886,0.0429466295687688
S17,pair,3,4,split,split,0.0,0.0004551661356395085,-0.21106310899491437,-0.07291714192638733,-0.4020508740129676,0.014624872422626913
S17,pair,4,4,hit,hit,0.0,0.0004551661356395085,-0.21106310899491437,0.038784473277208784,-0.06637207115265838,-0.01158738637339623
S17,pair,5,4,double,double,0.0,0.0004551661356395085,-0.21106310899491437,0.23047012189717694,0.4609402437943539,-0.03297274410508268
S17,pair,6,4,split,split,0.0,0.0004551661356395085,-0.21106310899491437,-0.213536553245077,-0.427073106490154,-0.049559710729696324
S17,pair,7,4,split,split,0.0,0.0004551661356395085,-0.21106310899491437,-0.3349114595535517,-0.6698229191071035,0.010511467456082564
S17,pair,8,4,split,split,0.0,0.0004551661356395085,-0.21106310899491437,-0.4562863658620264,-0.9125727317240528,0.15656746918613526
S17,pair,9,4,split,split,0.0,0.0004551661356395085,0.17585443719748522,-0.6174618323275779,-1.2349236646551558,0.3015033431928663
S17,pair,10,4,stand,stand,0.0,0.007282658170232136,0.6610499619480718,-0.8547102082333908,-1.7094204164667817,0.4609402437943539
S17,pair,11,4,split,split,0.0,0.0004551661356395085,-0.21106310899491437,0.12659562809256977,0.058426518743744875,0.5660405504179759
S17,hard,5,5,hit,hit,0.0,0.000910332271279017,-0.16719266083547546,-0.023978970391859804,-0.3343853216709509,
S17,hard,6,5,hit,hit,0.0,0.000910332271279017,-0.16719266083547546,-0.03491597333010237,-0.3155774316293277,
S17,hard,7,5,hit,hit,0.0,0.001820664542558034,-0.16719266083547546,-0.00727136090294106,-0.2027300913795885,
S17,hard,8,5,hit,hit,0.0,0.001820664542558034,-0.16719266083547546,0.07080463598303366,0.0034564434849752024,
S17,hard,9,5,double,double,0.0,0.002730996813837051,-0.16719266083547546,0.15803185626651717,0.24305722487303602,
S17,hard,10,5,double,double,0.0,0.002730996813837051,-0.16719266083547546,0.2562585545016338,0.5125171090032676,
S17,hard,11,5,double,double,0.0,0.0036413290851160683,-0.16719266083547546,0.3073495089545139,0.6146990179090278,
S17,hard,12,5,stand,stand,0.0,0.006372325898953118,-0.16719266083547546,-0.1932711694262835,-0.386542338852567,
S17,hard,13,5,stand,stand,0.0,0.006372325898953118,-0.16719266083547546,-0.2573332724389392,-0.5146665448778784,
S17,hard,14,5,stand,stand,0.0,0.005461993627674102,-0.16719266083547546,-0.32139537545159497,-0.6427907509031899,
S17,hard,15,5,stand,stand,0.0,0.005461993627674102,-0.16719266083547546,-0.3854574784642507,-0.7709149569285014,
S17,hard,16,5,stand,stand,0.0,0.004551661356395085,-0.16719266083547546,-0.44951958147690646,-0.8990391629538129,
S17,hard,17,5,stand,stand,0.0,0.004551661356395085,-0.04494137556492461,-0.5229856295103739,-1.0459712590207477,
S17,hard,18,5,stand,stand,0.0,0.003641329085116068,0.19956119497617703,-0.6152595675854643,-1.2305191351709286,
S17,hard,19,5,stand,stand,0.0,0.003641329085116068,0.4395121041608836,-0.7259912679055323,-1.4519825358110645,
S17,soft,13,5,hit,hit,0.0,0.000910332271279017,-0.16719266083547546,0.13336273848321714,0.12595448524867894,
S17,soft,14,5,double,double,0.0,0.000910332271279017,-0.16719266083547546,0.11189449567473912,0.12595448524867894,
S17,soft,15,5,double,double,0.0,0.000910332271279017,-0.16719266083547546,0.09195969878115239,0.12595448524867894,
S17,soft,16,5,double,double,0.0,0.000910332271279017,-0.16719266083547546,0.07344881595139321,0.12595448524867892,
S17,soft,17,5,double,double,0.0,0.000910332271279017,-0.04494137556492461,0.09118907768677426,0.1823781553735485,
S17,soft,18,5,double,double,0.0,0.000910332271279017,0.19956119497617703,0.14761274781164385,0.2952254956232877,
S17,soft,19,5,stand,stand,0.0,0.000910332271279017,0.4395121041608836,0.20298603454657616,0.4059720690931523,
S17,soft,20,5,stand,stand,0.0,0.000910332271279017,0.6703596906328,0.2562585545016338,0.5125171090032676,
S17,pair,2,5,split,split,0.0,0.0004551661356395085,-0.16719266083547546,-0.012379926519926554,-0.3343853216709509,0.12724982334843857
S17,pair,3,5,split,split,0.0,0.0004551661356395085,-0.16719266083547546,-0.03491597333010237,-0.3155774316293277,0.10229274834073283
S17,pair,4,5,split,split,0.0,0.0004551661356395085,-0.16719266083547546,0.07080463598303366,0.0034564434849752024,0.08025987288786889
S17,pair,5,5,double,double,0.0,0.0004551661356395085,-0.16719266083547546,0.2562585545016338,0.5125171090032676,0.05990961327165762
S17,pair,6,5,split,split,0.0,0.0004551661356395085,-0.16719266083547546,-0.1932711694262835,-0.386542338852567,0.04398690099355534
S17,pair,7,5,split,split,0.0,0.0004551661356395085,-0.16719266083547546,-0.32139537545159497,-0.6427907509031899,0.09996462168792976
S17,pair,8,5,split,split,0.0,0.0004551661356395085,-0.16719266083547546,-0.44951958147690646,-0.8990391629538129,0.22831820480547466
S17,pair,9,5,split,split,0.0,0.0004551661356395085,0.19956119497617703,-0.6152595675854643,-1.2305191351709286,0.3633482523721904
S17,pair,10,5,stand,stand,0.0,0.007282658170232136,0.6703596906328,-0.8544804748772862,-1.7089609497545724,0.5125171090032676
S17,pair,11,5,split,split,0.0,0.0004551661356395085,-0.16719266083547546,0.15648238458465502,0.1259544852486789,0.6146990179090278
S17,hard,5,6,hit,hit,0.0,0.000910332271279017,-0.15369901583000456,-0.0011863378384402235,-0.3073980316600091,
S17,hard,6,6,hit,hit,0.0,0.000910332271279017,-0.15369901583000456,-0.013005835529874355,-0.2819460045056481,
S17,hard,7,6,hit,hit,0.0,0.001820664542558034,-0.15369901583000456,0.02918534235386081,-0.1383371642922724,
S17,hard,8,6,hit,hit,0.0,0.001820664542558034,-0.15369901583000456,0.11496015009622317,0.08701519812895742,
S17,hard,9,6,double,double,0.0,0.002730996813837051,-0.15369901583000456,0.1960188392572787,0.31705474570166675,
S17,hard,10,6,double,double,0.0,0.002730996813837051,-0.15369901583000456,0.28779508429888423,0.5755901685977685,
S17,hard,11,6,double,double,0.0,0.0036413290851160683,-0.15369901583000456,0.3336900474537847,0.6673800949075694,
S17,hard,12,6,stand,stand,0.0,0.006372325898953118,-0.15369901583000456,-0.17052619990757958,-0.34105239981515917,
S17,hard,13,6,stand,stand,0.0,0.006372325898953118,-0.15369901583000456,-0.23562627561296387,-0.47125255122592774,
S17,hard,14,6,stand,stand,0.0,0.005461993627674102,-0.15369901583000456,-0.30072635131834813,-0.6014527026366963,
S17,hard,15,6,stand,stand,0.0,0.005461993627674102,-0.15369901583000456,-0.36582642702373236,-0.7316528540474647,
S17,hard,16,6,stand,stand,0.0,0.004551661356395085,-0.15369901583000456,-0.43092650272911664,-0.8618530054582333,
S17,hard,17,6,stand,stand,0.0,0.004551661356395085,0.011739160673341797,-0.5087525920116814,-1.0175051840233629,
S17,hard,18,6,stand,stand,0.0,0.003641329085116068,0.2834439160468985,-0.607479047092212,-1.214958094184424,
S17,hard,19,6,stand,stand,0.0,0.003641329085116068,0.49597707378731903,-0.7225542066143136,-1.4451084132286272,
S17,soft,13,6,double,double,0.0,0.000910332271279017,-0.15369901583000456,0.16169271124923684,0.17974820582791495,
S17,soft,14,6,double,double,0.0,0.000910332271279017,-0.15369901583000456,0.13916473074357671,0.17974820582791495,
S17,soft,15,6,double,double,0.0,0.000910332271279017,-0.15369901583000456,0.11824589170260662,0.17974820582791495,
S17,soft,16,6,double,double,0.0,0.000910332271279017,-0.15369901583000456,0.09882125545027724,0.17974820582791493,
S17,soft,17,6,double,double,0.0,0.000910332271279017,0.011739160673341797,0.12805214364549894,0.2561042872909979,
S17,soft,18,6,double,double,0.0,0.000910332271279017,0.2834439160468985,0.19075324103939667,0.38150648207879334,
S17,soft,19,6,stand,stand,0.0,0.000910332271279017,0.49597707378731903,0.2397993543641091,0.4795987087282182,
S17,soft,20,6,stand,stand,0.0,0.000910332271279017,0.7039585701713446,0.28779508429888423,0.5755901685977685,
S17,pair,2,6,split,split,0.0,0.0004551661356395085,-0.15369901583000456,0.011130417280979734,-0.3073980316600091,0.1947785981657924
S17,pair,3,6,split,split,0.0,0.0004551661356395085,-0.15369901583000456,-0.013005835529874355,-0.2819460045056481,0.16942022384102556
S17,pair,4,6,split,split,0.0,0.0004551661356395085,-0.15369901583000456,0.11496015009622317,0.08701519812895742,0.1459567349192465
S17,pair,5,6,double,double,0.0,0.0004551661356395085,-0.15369901583000456,0.28779508429888423,0.5755901685977685,0.12431163025768795
S17,pair,6,6,split,split,0.0,0.0004551661356395085,-0.15369901583000456,-0.17052619990757958,-0.34105239981515917,0.10792266460833683
S17,pair,7,6,split,split,0.0,0.0004551661356395085,-0.15369901583000456,-0.30072635131834813,-0.6014527026366963,0.18769123920448347
S17,pair,8,6,split,split,0.0,0.0004551661356395085,-0.15369901583000456,-0.43092650272911664,-0.8618530054582333,0.3255333973851646
S17,pair,9,6,split,split,0.0,0.0004551661356395085,0.2834439160468985,-0.607479047092212,-1.214958094184424,0.4433746088920627
S17,pair,10,6,stand,stand,0.0,0.007282658170232136,0.7039585701713446,-0.85362794278134,-1.70725588556268,0.5755901685977685
S17,pair,11,6,split,split,0.0,0.0004551661356395085,-0.15369901583000456,0.1859536133322554,0.179748205827915,0.6673800949075694
S17,hard,5,7,hit,hit,0.0,0.000910332271279017,-0.4753751832769335,-0.11944744188414848,-0.950750366553867,
S17,hard,6,7,hit,hit,0.0,0.000910332271279017,-0.4753751832769335,-0.15193270723669947,-0.8940478752009072,
S17,hard,7,7,hit,hit,0.0,0.001820664542558034,-0.4753751832769335,-0.06880779958042778,-0.58933588566303,
S17,hard,8,7,hit,hit,0.0,0.001820664542558034,-0.4753751832769335,0.0822074393637429,-0.18772955497255242,
S17,hard,9,7,hit,hit,0.0,0.002730996813837051,-0.4753751832769335,0.17186785993695272,0.10425035196048575,
S17,hard,10,7,double,double,0.0,0.002730996813837051,-0.4753751832769335,0.2569087443360866,0.39241245528243773,
S17,hard,11,7,double,double,0.0,0.0036413290851160683,-0.4753751832769335,0.29214699112701326,0.4628889488642909,
S17,hard,12,7,hit,hit,0.0,0.006372325898953118,-0.4753751832769335,-0.2128477145173142,-0.5067116210767303,
S17,hard,13,7,hit,hit,0.0,0.006372325898953118,-0.4753751832769335,-0.2690728777660775,-0.5874231313418175,
S17,hard,14,7,hit,hit,0.0,0.005461993627674102,-0.4753751832769335,-0.3212819579256434,-0.6681346416069046,
S17,hard,15,7,hit,hit,0.0,0.005461993627674102,-0.4753751832769335,-0.36976181807381175,-0.7488461518719918,
S17,hard,16,7,hit,hit,0.0,0.004551661356395085,-0.4753751832769335,-0.41477883106853947,-0.8295576621370789,
S17,hard,17,7,stand,stand,0.0,0.004551661356395085,-0.10680898948269474,-0.48348583187756294,-0.9669716637551259,
S17,hard,18,7,stand,stand,0.0,0.003641329085116068,0.3995541673365518,-0.5911438447496054,-1.1822876894992107,
S17,hard,19,7,stand,stand,0.0,0.003641329085116068,0.6159764957534315,-0.7154497290383309,-1.4308994580766619,
S17,soft,13,7,hit,hit,0.0,0.000910332271279017,-0.4753751832769335,0.12238569517899203,-0.18386558001638165,
S17,soft,14,7,hit,hit,0.0,0.000910332271279017,-0.4753751832769335,0.07950748849446825,-0.18386558001638165,
S17,soft,15,7,hit,hit,0.0,0.000910332271279017,-0.4753751832769335,0.03702828227926932,-0.18386558001638165,
S17,soft,16,7,hit,hit,0.0,0.000910332271279017,-0.4753751832769335,-0.004890157173015826,-0.18386558001638162,
S17,soft,17,7,hit,hit,0.0,0.000910332271279017,-0.10680898948269474,0.05382346371611668,-0.013758105957502216,
S17,soft,18,7,stand,stand,0.0,0.000910332271279017,0.3995541673365518,0.17067649990517358,0.21994796642061162,
S17,soft,19,7,stand,stand,0.0,0.000910332271279017,0.6159764957534315,0.22062011415522273,0.31983519492070994,
S17,soft,20,7,stand,stand,0.0,0.000910332271279017,0.7732272265371751,0.2569087443360866,0.39241245528243773,
S17,pair,2,7,split,split,0.0,0.0004551661356395085,-0.4753751832769335,-0.08827920105846368,-0.950750366553867,-0.0073993244927046155
S17,pair,3,7,split,split,0.0,0.0004551661356395085,-0.4753751832769335,-0.15193270723669947,-0.8940478752009072,-0.06776045882169346
S17,pair,4,7,hit,hit,0.0,0.0004551661356395085,-0.4753751832769335,0.0822074393637429,-0.18772955497255242,-0.12944368385790753
S17,pair,5,7,double,double,0.0,0.0004551661356395085,-0.4753751832769335,0.2569087443360866,0.39241245528243773,-0.19178016550927715
S17,pair,6,7,hit,hit,0.0,0.0004551661356395085,-0.4753751832769335,-0.2128477145173142,-0.5067116210767303,-0.25675069621437907
S17,pair,7,7,split,split,0.0,0.0004551661356395085,-0.4753751832769335,-0.3212819579256434,-0.6681346416069046,-0.0905008809018357
S17,pair,8,7,split,split,0.0,0.0004551661356395085,-0.4753751832769335,-0.41477883106853947,-0.8295576621370789,0.21152959698650559
S17,pair,9,7,stand,stand,0.0,0.0004551661356395085,0.3995541673365518,-0.5911438447496054,-1.1822876894992107,0.37000371337194815
S17,pair,10,7,stand,stand,0.0,0.007282658170232136,0.7732272265371751,-0.8518518233873444,-1.7037036467746889,0.5138174886721733
S17,pair,11,7,split,split,0.0,0.0004551661356395085,-0.4753751832769335,0.16547293077063507,-0.18386558001638165,0.4628889488642909
S17,hard,5,8,hit,hit,0.0,0.000910332271279017,-0.5105175154976174,-0.18809330390318524,-1.0210350309952347,
S17,hard,6,8,hit,hit,0.0,0.000910332271279017,-0.5105175154976174,-0.21724188132078476,-1.0012555626184394,
S17,hard,7,8,hit,hit,0.0,0.001820664542558034,-0.5105175154976174,-0.2106047687243497,-0.8470757937777854,
S17,hard,8,8,hit,hit,0.0,0.001820664542558034,-0.5105175154976174,-0.059898275658656276,-0.45198684873362777,
S17,hard,9,8,hit,hit,0.0,0.002730996813837051,-0.5105175154976174,0.09837621743539254,-0.02644228964866953,
S17,hard,10,8,double,double,0.0,0.002730996813837051,-0.5105175154976174,0.19795370833197612,0.28663571688628364,
S17,hard,11,8,double,double,0.0,0.0036413290851160683,-0.5105175154976174,0.2299821453239918,0.3506925908703151,
S17,hard,12,8,hit,hit,0.0,0.006372325898953118,-0.5105175154976174,-0.27157480502428616,-0.6156608928303438,
S17,hard,13,8,hit,hit,0.0,0.006372325898953118,-0.5105175154976174,-0.32360517609398,-0.6909658904460949,
S17,hard,14,8,hit,hit,0.0,0.005461993627674102,-0.5105175154976174,-0.37191909208726714,-0.7662708880618462,
S17,hard,15,8,hit,hit,0.0,0.005461993627674102,-0.5105175154976174,-0.41678201408103377,-0.8415758856775973,
S17,hard,16,8,hit,hit,0.0,0.004551661356395085,-0.5105175154976174,-0.4584404416466742,-0.9168808832933484,
S17,hard,17,8,stand,stand,0.0,0.004551661356395085,-0.3819509710484472,-0.5059826746429474,-1.0119653492858949,
S17,hard,18,8,stand,stand,0.0,0.003641329085116068,0.10595134861912359,-0.5910558553059571,-1.1821117106119141,
S17,hard,19,8,stand,stand,0.0,0.003641329085116068,0.5938536682866944,-0.7136599836357028,-1.4273199672714056,
S17,soft,13,8,hit,hit,0.0,0.000910332271279017,-0.5105175154976174,0.054057070196311355,-0.314440902367339,
S17,soft,14,8,hit,hit,0.0,0.000910332271279017,-0.5105175154976174,0.013277219463208494,-0.314440902367339,
S17,soft,15,8,hit,hit,0.0,0.000910332271279017,-0.5105175154976174,-0.027054780502901648,-0.314440902367339,
S17,soft,16,8,hit,hit,0.0,0.000910332271279017,-0.5105175154976174,-0.06679484792009406,-0.3144409023673389,
S17,soft,17,8,hit,hit,0.0,0.000910332271279017,-0.3819509710484472,-0.07291539872964213,-0.2551024972369528,
S17,soft,18,8,stand,stand,0.0,0.000910332271279017,0.10595134861912359,0.039677444270566534,-0.029916811236535473,
S17,soft,19,8,stand,stand,0.0,0.000910332271279017,0.5938536682866944,0.15227028727077518,0.19526887476388188,
S17,soft,20,8,stand,stand,0.0,0.000910332271279017,0.7918151595518983,0.19795370833197612,0.28663571688628364,
S17,pair,2,8,hit,hit,0.0,0.0004551661356395085,-0.5105175154976174,-0.15933415266020512,-1.0210350309952347,-0.1741092318424651
S17,pair,3,8,hit,hit,0.0,0.0004551661356395085,-0.5105175154976174,-0.21724188132078476,-1.0012555626184394,-0.2296695375926127
S17,pair,4,8,hit,hit,0.0,0.0004551661356395085,-0.5105175154976174,-0.059898275658656276,-0.45198684873362777,-0.28645408161262087
S17,pair,5,8,double,double,0.0,0.0004551661356395085,-0.5105175154976174,0.19795370833197612,0.28663571688628364,-0.3439723840985811
S17,pair,6,8,hit,hit,0.0,0.0004551661356395085,-0.5105175154976174,-0.27157480502428616,-0.6156608928303438,-0.40226953893378015
S17,pair,7,8,hit,hit,0.0,0.0004551661356395085,-0.5105175154976174,-0.37191909208726714,-0.7662708880618462,-0.38899531374091006
S17,pair,8,8,split,split,0.0,0.0004551661356395085,-0.5105175154976174,-0.4584404416466742,-0.9168808832933484,-0.08758232760952324
S17,pair,9,8,split,split,0.0,0.0004551661356395085,0.10595134861912359,-0.5910558553059571,-1.1821117106119141,0.21532327264714252
S17,pair,10,8,stand,stand,0.0,0.007282658170232136,0.7918151595518983,-0.8514919189858488,-1.7029838379716975,0.39590741666395224
S17,pair,11,8,split,split,0.0,0.0004551661356395085,-0.5105175154976174,0.0951150209270323,-0.314440902367339,0.3506925908703151
S17,hard,5,9,hit,hit,0.0,0.000910332271279017,-0.5431496811311095,-0.2666150533579591,-1.086299362262219,
S17,hard,6,9,hit,hit,0.0,0.000910332271279017,-0.5431496811311095,-0.2926407001977261,-1.0678385251105433,
S17,hard,7,9,hit,hit,0.0,0.001820664542558034,-0.5431496811311095,-0.28536544048687673,-0.9570735022004893,
S17,hard,8,9,hit,hit,0.0,0.001820664542558034,-0.5431496811311095,-0.21018633199821768,-0.7185013349521748,
S17,hard,9,9,hit,hit,0.0,0.002730996813837051,-0.5431496811311095,-0.052178053462651794,-0.30099565908098247,
S17,hard,10,9,double,double,0.0,0.002730996813837051,-0.5431496811311095,0.1165295910692838,0.14432836838077098,
S17,hard,11,9,double,double,0.0,0.0036413290851160683,-0.5431496811311095,0.15825711845512566,0.22778342315245464,
S17,hard,12,9,hit,hit,0.0,0.006372325898953118,-0.5431496811311095,-0.34001328060893565,-0.7375056210491797,
S17,hard,13,9,hit,hit,0.0,0.006372325898953118,-0.5431496811311095,-0.3871551891368688,-0.8077902854905474,
S17,hard,14,9,hit,hit,0.0,0.005461993627674102,-0.5431496811311095,-0.4309298184842353,-0.8780749499319151,
S17,hard,15,9,hit,hit,0.0,0.005461993627674102,-0.5431496811311095,-0.4715776885925042,-0.9483596143732829,
S17,hard,16,9,hit,hit,0.0,0.004551661356395085,-0.5431496811311095,-0.5093221394073254,-1.0186442788146508,
S17,hard,17,9,stand,stand,0.0,0.004551661356395085,-0.4231542396452175,-0.5536948902038471,-1.1073897804076942,
S17,hard,18,9,stand,stand,0.0,0.003641329085116068,-0.18316335667343342,-0.6165284781520445,-1.233056956304089,
S17,hard,19,9,stand,stand,0.0,0.003641329085116068,0.28759675706758137,-0.7155743825418585,-1.431148765083717,
S17,soft,13,9,hit,hit,0.0,0.000910332271279017,-0.5431496811311095,-0.037694688127479954,-0.45636696328370857,
S17,soft,14,9,hit,hit,0.0,0.000910332271279017,-0.5431496811311095,-0.07516318944168386,-0.45636696328370857,
S17,soft,15,9,hit,hit,0.0,0.000910332271279017,-0.5431496811311095,-0.11218876868994296,-0.45636696328370857,
S17,soft,16,9,hit,hit,0.0,0.000910332271279017,-0.5431496811311095,-0.14864353463007482,-0.45636696328370857,
S17,soft,17,9,hit,hit,0.0,0.000910332271279017,-0.4231542396452175,-0.1497868921821333,-0.4009844518286815,
S17,soft,18,9,hit,hit,0.0,0.000910332271279017,-0.18316335667343342,-0.1007443075804153,-0.2902194289186273,
S17,soft,19,9,stand,stand,0.0,0.000910332271279017,0.28759675706758137,0.007892641744434256,-0.07294553026892811,
S17,soft,20,9,stand,stand,0.0,0.000910332271279017,0.7583568708085962,0.1165295910692838,0.14432836838077098,
S17,pair,2,9,hit,hit,0.0,0.0004551661356395085,-0.5431496811311095,-0.2406661791533655,-1.086299362262219,-0.36512119656719905
S17,pair,3,9,hit,hit,0.0,0.0004551661356395085,-0.5431496811311095,-0.2926407001977261,-1.0678385251105433,-0.41518015608743086
S17,pair,4,9,hit,hit,0.0,0.0004551661356395085,-0.5431496811311095,-0.21018633199821768,-0.7185013349521748,-0.46635926876691314
S17,pair,5,9,double,double,0.0,0.0004551661356395085,-0.5431496811311095,0.1165295910692838,0.14432836838077098,-0.5182570171761003
S17,pair,6,9,hit,hit,0.0,0.0004551661356395085,-0.5431496811311095,-0.34001328060893565,-0.7375056210491797,-0.5703083108556343
S17,pair,7,9,hit,hit,0.0,0.0004551661356395085,-0.5431496811311095,-0.4309298184842353,-0.8780749499319151,-0.5557577914339356
S17,pair,8,9,split,split,0.0,0.0004551661356395085,-0.5431496811311095,-0.5093221394073254,-1.0186442788146508,-0.4053995744566175
S17,pair,9,9,split,split,0.0,0.0004551661356395085,-0.18316335667343342,-0.6165284781520445,-1.233056956304089,-0.09365975235648369
S17,pair,10,9,stand,stand,0.0,0.007282658170232136,0.7583568708085962,-0.8508326033732889,-1.7016652067465778,0.2330591821385676
S17,pair,11,9,split,split,0.0,0.0004551661356395085,-0.5431496811311095,6.579084122682955e-05,-0.45636696328370857,0.22778342315245464
S17,hard,5,10,hit,hit,0.0,0.003361226847799447,-0.540430333994985,-0.3134116433649712,-1.08086066798997,
S17,hard,6,10,hit,hit,0.0,0.003361226847799447,-0.540430333994985,-0.33774944037840815,-1.0622899449028675,
S17,hard,7,10,hit,hit,0.0,0.006722453695598894,-0.540430333994985,-0.3190547913983386,-0.9508656063802536,
S17,hard,8,10,hit,hit,0.0,0.006722453695598894,-0.540430333994985,-0.24937508055334262,-0.746587652422128,
S17,hard,9,10,hit,hit,0.0,0.010083680543398341,-0.540430333994985,-0.15295298487455078,-0.4667067138282591,
S17,hard,10,10,hit,hit,0.0,0.010083680543398341,-0.540430333994985,0.02530852304086817,-0.008658688034544615,
S17,hard,11,10,double,double,0.0,0.013444907391197788,-0.540430333994985,0.11948223076371359,0.17968872741114633,
S17,hard,12,10,hit,hit,0.0,0.02352858793459613,-0.540430333994985,-0.38104299284808774,-0.7968405904052414,
S17,hard,13,10,hit,hit,0.0,0.02352858793459613,-0.540430333994985,-0.4252542076446529,-0.8675436159444745,
S17,hard,14,10,hit,hit,0.0,0.020167361086796683,-0.540430333994985,-0.4663074785271777,-0.9382466414837075,
S17,hard,15,10,hit,hit,0.0,0.020167361086796683,-0.540430333994985,-0.5044283729180936,-1.0089496670229408,
S17,hard,16,10,hit,hit,0.0,0.016806134238997236,-0.540430333994985,-0.5398263462810869,-1.0796526925621739,
S17,hard,17,10,stand,stand,0.0,0.016806134238997236,-0.41972063392881986,-0.5844632205942546,-1.1689264411885092,
S17,hard,18,10,stand,stand,0.0,0.013444907391197788,-0.17830123379648952,-0.6476708179945246,-1.2953416359890493,
S17,hard,19,10,stand,stand,0.0,0.013444907391197788,0.06311816633584086,-0.7294491384818971,-1.4588982769637941,
S17,soft,13,10,hit,hit,0.0,0.003361226847799447,-0.540430333994985,-0.10485135840627784,-0.514028488248309,
S17,soft,14,10,hit,hit,0.0,0.003361226847799447,-0.540430333994985,-0.1394667821754546,-0.514028488248309,
S17,soft,15,10,hit,hit,0.0,0.003361226847799447,-0.540430333994985,-0.17370423031226792,-0.514028488248309,
S17,soft,16,10,hit,hit,0.0,0.003361226847799447,-0.540430333994985,-0.20744109003068217,-0.514028488248309,
S17,soft,17,10,hit,hit,0.0,0.003361226847799447,-0.41972063392881986,-0.19686697623363472,-0.45831631898700204,
S17,soft,18,10,hit,hit,0.0,0.003361226847799447,-0.17830123379648952,-0.1438081231740536,-0.34689198046438807,
S17,soft,19,10,stand,stand,0.0,0.003361226847799447,0.06311816633584086,-0.08809595391274656,-0.23546764194177403,
S17,soft,20,10,stand,stand,0.0,0.003361226847799447,0.5545375664681712,0.02530852304086817,-0.008658688034544615,
S17,pair,2,10,hit,hit,0.0,0.0016806134238997236,-0.540430333994985,-0.2891979144856752,-1.08086066798997,-0.4747335283695232
S17,pair,3,10,hit,hit,0.0,0.0016806134238997236,-0.540430333994985,-0.33774944037840815,-1.0622899449028675,-0.5213958916491924
S17,pair,4,10,hit,hit,0.0,0.0016806134238997236,-0.540430333994985,-0.24937508055334262,-0.746587652422128,-0.5691332910255916
S17,pair,5,10,hit,hit,0.0,0.0016806134238997236,-0.540430333994985,0.02530852304086817,-0.008658688034544615,-0.6175607487841834
S17,pair,6,10,hit,hit,0.0,0.0016806134238997236,-0.540430333994985,-0.38104299284808774,-0.7968405904052414,-0.6662363428110575
S17,pair,7,10,hit,hit,0.0,0.0016806134238997236,-0.540430333994985,-0.4663074785271777,-0.9382466414837075,-0.6288470448509182
S17,pair,8,10,split,split,0.0,0.0016806134238997236,-0.540430333994985,-0.5398263462810869,-1.0796526925621739,-0.4894876231609264
S17,pair,9,10,stand,stand,0.0,0.0016806134238997236,-0.17830123379648952,-0.6476708179945246,-1.2953416359890493,-0.2966434318033426
S17,pair,10,10,stand,stand,0.0,0.026889814782395577,0.5545375664681712,-0.849028951287141,-1.698057902574282,0.05061704608173634
S17,pair,11,10,split,split,0.0,0.0016806134238997236,-0.540430333994985,-0.07000239735796474,-0.5140284882483089,0.17968872741114633
S17,hard,5,11,hit,hit,0.0,0.0006302300339623964,-0.6669507746855105,-0.27857459755181974,-1.3339015493710211,
S17,hard,6,11,hit,hit,0.0,0.0006302300339623964,-0.6669507746855105,-0.3041466309756994,-1.3048373494185945,
S17,hard,7,11,hit,hit,0.0,0.0012604600679247929,-0.6669507746855105,-0.3100716503316371,-1.1304521497040345,
S17,hard,8,11,hit,hit,0.0,0.0012604600679247929,-0.6669507746855105,-0.1970288105741636,-0.8107459502273412,
S17,hard,9,11,hit,hit,0.0,0.0018906901018871894,-0.6669507746855105,-0.0656807787780662,-0.43291135084579463,
S17,hard,10,11,hit,hit,0.0,0.0018906901018871894,-0.6669507746855105,0.08144970794527594,-0.014042368653411769,
S17,hard,11,11,hit,hit,0.0,0.0025209201358495858,-0.6669507746855105,0.1430012821615303,0.10906077977909699,
S17,hard,12,11,hit,hit,0.0,0.0044116102377367745,-0.6669507746855105,-0.3505403404400801,-0.8293439370786729,
S17,hard,13,11,hit,hit,0.0,0.0044116102377367745,-0.6669507746855105,-0.39693031612293145,-0.8805822794347482,
S17,hard,14,11,hit,hit,0.0,0.0037813802037743784,-0.6669507746855105,-0.44000672211415065,-0.9318206217908235,
S17,hard,15,11,hit,hit,0.0,0.0037813802037743784,-0.6669507746855105,-0.4800062419631399,-0.9830589641468989,
S17,hard,16,11,hit,hit,0.0,0.0031511501698119823,-0.6669507746855105,-0.5171486532514871,-1.0342973065029741,
S17,hard,17,11,stand,stand,0.0,0.0031511501698119823,-0.47803347499473714,-0.5572999244057381,-1.1145998488114761,
S17,hard,18,11,stand,stand,0.0,0.0025209201358495858,-0.10019887561319063,-0.6265153955124156,-1.2530307910248313,
S17,hard,19,11,stand,stand,0.0,0.0025209201358495858,0.27763572376835594,-0.72479506657152,-1.44959013314304,
S17,soft,13,11,hit,hit,0.0,0.0006302300339623964,-0.6669507746855105,-0.05730804666681024,-0.6243905676543716,
S17,soft,14,11,hit,hit,0.0,0.0006302300339623964,-0.6669507746855105,-0.09387432476831009,-0.6243905676543716,
S17,soft,15,11,hit,hit,0.0,0.0006302300339623964,-0.6669507746855105,-0.1300265016784385,-0.6243905676543716,
S17,soft,16,11,hit,hit,0.0,0.0006302300339623964,-0.6669507746855105,-0.16563717206687348,-0.6243905676543716,
S17,soft,17,11,hit,hit,0.0,0.0006302300339623964,-0.47803347499473714,-0.17956936979241733,-0.5371979677970916,
S17,soft,18,11,hit,hit,0.0,0.0006302300339623964,-0.10019887561319063,-0.09293549176928405,-0.36281276808253166,
S17,soft,19,11,stand,stand,0.0,0.0006302300339623964,0.27763572376835594,-0.0057428919120040695,-0.18842756836797164,
S17,soft,20,11,stand,stand,0.0,0.0006302300339623964,0.6554703231499025,0.08144970794527594,-0.014042368653411769,
S17,pair,2,11,hit,hit,0.0,0.0003151150169811982,-0.6669507746855105,-0.2530769944039087,-1.3339015493710211,-0.40670736629778753
S17,pair,3,11,hit,hit,0.0,0.0003151150169811982,-0.6669507746855105,-0.3041466309756994,-1.3048373494185945,-0.4558749858161071
S17,pair,4,11,hit,hit,0.0,0.0003151150169811982,-0.6669507746855105,-0.1970288105741636,-0.8107459502273412,-0.5061539888078174
S17,pair,5,11,hit,hit,0.0,0.0003151150169811982,-0.6669507746855105,0.08144970794527594,-0.014042368653411769,-0.5571491951036395
S17,pair,6,11,hit,hit,0.0,0.0003151150169811982,-0.6669507746855105,-0.3505403404400801,-0.8293439370786729,-0.6082932619513988
S17,pair,7,11,hit,hit,0.0,0.0003151150169811982,-0.6669507746855105,-0.44000672211415065,-0.9318206217908235,-0.6201433006632742
S17,pair,8,11,split,split,0.0,0.0003151150169811982,-0.6669507746855105,-0.5171486532514871,-1.0342973065029741,-0.3940576211483272
S17,pair,9,11,stand,stand,0.0,0.0003151150169811982,-0.10019887561319063,-0.6265153955124156,-1.2530307910248313,-0.1313615575561324
S17,pair,10,11,stand,stand,0.0,0.0050418402716991715,0.6554703231499025,-0.8521389375830509,-1.7042778751661019,0.16289941589055187
S17,pair,11,11,split,split,0.0,0.0003151150169811982,-0.6669507746855105,-0.020477877704912117,-0.6243905676543716,0.10906077977909699
H17,hard,5,2,hit,hit,0.0,0.000910332271279017,-0.2865443008402951,-0.125854665912235,-0.5730886016805902,
H17,hard,6,2,hit,hit,0.0,0.000910332271279017,-0.2865443008402951,-0.13807302929133147,-0.5530679735908629,
H17,hard,7,2,hit,hit,0.0,0.001820664542558034,-0.2865443008402951,-0.10957748444769838,-0.4319577275553499,
H17,hard,8,2,hit,hit,0.0,0.001820664542558034,-0.2865443008402951,-0.02450683028991735,-0.20661994080848184,
H17,hard,9,2,hit,hit,0.0,0.002730996813837051,-0.2865443008402951,0.07223280896319335,0.05878555692632634,
H17,hard,10,2,double,double,0.0,0.002730996813837051,-0.2865443008402951,0.1809761241455195,0.3569071974837269,
H17,hard,11,2,double,double,0.0,0.0036413290851160683,-0.2865443008402951,0.2375832654125679,0.4701214800178237,
H17,hard,12,2,hit,hit,0.0,0.006372325898953118,-0.2865443008402951,-0.2537514705927661,-0.5075029411855322,
H17,hard,13,2,stand,stand,0.0,0.006372325898953118,-0.2865443008402951,-0.3086326782204357,-0.6172653564408714,
H17,hard,14,2,stand,stand,0.0,0.005461993627674102,-0.2865443008402951,-0.3635138858481053,-0.7270277716962106,
H17,hard,15,2,stand,stand,0.0,0.005461993627674102,-0.2865443008402951,-0.4183950934757749,-0.8367901869515498,
H17,hard,16,2,stand,stand,0.0,0.004551661356395085,-0.2865443008402951,-0.47327630110344454,-0.9465526022068891,
H17,hard,17,2,stand,stand,0.0,0.004551661356395085,-0.15641021825706786,-0.5381678227759777,-1.0763356455519555,
H17,hard,18,2,stand,stand,0.0,0.003641329085116068,0.11027005064085812,-0.623573211286813,-1.247146422573626,
H17,hard,19,2,stand,stand,0.0,0.003641329085116068,0.37811050632056886,-0.7295817117730107,-1.4591634235460214,
H17,soft,13,2,hit,hit,0.0,0.000910332271279017,-0.2865443008402951,0.046611316056980594,-0.06845328016417529,
H17,soft,14,2,hit,hit,0.0,0.000910332271279017,-0.2865443008402951,0.022814486278603743,-0.06845328016417532,
H17,soft,15,2,hit,hit,0.0,0.000910332271279017,-0.2865443008402951,0.0007174300558252548,-0.06845328016417529,
H17,soft,16,2,hit,hit,0.0,0.000910332271279017,-0.2865443008402951,-0.01980126500818335,-0.06845328016417529,
H17,soft,17,2,hit,hit,0.0,0.000910332271279017,-0.15641021825706786,-0.0016731725438406848,-0.008391395894993499,
H17,soft,18,2,double,double,0.0,0.000910332271279017,0.11027005064085812,0.05986842797106533,0.1146918051348185,
H17,soft,19,2,stand,stand,0.0,0.000910332271279017,0.37811050632056886,0.12167776389715243,0.2383104769869927,
H17,soft,20,2,stand,stand,0.0,0.000910332271279017,0.6350700673968263,0.1809761241455195,0.3569071974837269,
H17,pair,2,2,split,split,0.0,0.0004551661356395085,-0.2865443008402951,-0.11285543771123714,-0.5730886016805902,-0.08923085038488605
H17,pair,3,2,split,split,0.0,0.0004551661356395085,-0.2865443008402951,-0.13807302929133147,-0.5530679735908629,-0.13474841710027397
H17,pair,4,2,hit,hit,0.0,0.0004551661356395085,-0.2865443008402951,-0.02450683028991735,-0.20661994080848184,-0.1628694465080953
H17,pair,5,2,double,double,0.0,0.0004551661356395085,-0.2865443008402951,0.1809761241455195,0.3569071974837269,-0.18886790291009103
H17,pair,6,2,split,split,0.0,0.0004551661356395085,-0.2865443008402951,-0.2537514705927661,-0.5075029411855322,-0.21330462966828398
H17,pair,7,2,split,split,0.0,0.0004551661356395085,-0.2865443008402951,-0.3635138858481053,-0.7270277716962106,-0.15563327005887007
H17,pair,8,2,split,split,0.0,0.0004551661356395085,-0.2865443008402951,-0.47327630110344454,-0.9465526022068891,0.013827768334544265
H17,pair,9,2,split,split,0.0,0.0004551661356395085,0.11027005064085812,-0.623573211286813,-1.247146422573626,0.18024072786565684
H17,pair,10,2,stand,stand,0.0,0.007282658170232136,0.6350700673968263,-0.8553563323419973,-1.7107126646839945,0.361952248291039
H17,pair,11,2,split,split,0.0,0.0004551661356395085,-0.2865443008402951,0.0798062474138931,-0.06845328016417529,0.4701214800178237
H17,hard,5,3,hit,hit,0.0,0.000910332271279017,-0.24663577379217244,-0.0931858053133976,-0.49327154758434494,
H17,hard,6,3,hit,hit,0.0,0.000910332271279017,-0.24663577379217244,-0.10487404133749784,-0.47383646588301315,
H17,hard,7,3,hit,hit,0.0,0.001820664542558034,-0.24663577379217244,-0.07693756788495021,-0.35635997911290457,
H17,hard,8,3,hit,hit,0.0,0.001820664542558034,-0.24663577379217244,0.005567930875393198,-0.13813222243370762,
H17,hard,9,3,double,double,0.0,0.002730996813837051,-0.24663577379217244,0.0992731607381433,0.11871708619491318,
H17,hard,10,3,double,double,0.0,0.002730996813837051,-0.24663577379217244,0.2047167440781116,0.4074920116323713,
H17,hard,11,3,double,double,0.0,0.0036413290851160683,-0.24663577379217244,0.2596346581317173,0.5173278397395827,
H17,hard,12,3,hit,hit,0.0,0.006372325898953118,-0.24663577379217244,-0.234016176387135,-0.46803235277427,
H17,hard,13,3,stand,stand,0.0,0.006372325898953118,-0.24663577379217244,-0.291967270710814,-0.583934541421628,
H17,hard,14,3,stand,stand,0.0,0.005461993627674102,-0.24663577379217244,-0.3499183650344931,-0.6998367300689862,
H17,hard,15,3,stand,stand,0.0,0.005461993627674102,-0.24663577379217244,-0.40786945935817215,-0.8157389187163443,
H17,hard,16,3,stand,stand,0.0,0.004551661356395085,-0.24663577379217244,-0.46582055368185116,-0.9316411073637023,
H17,hard,17,3,stand,stand,0.0,0.004551661356395085,-0.12030774273351591,-0.5334891888561962,-1.0669783777123925,
H17,hard,18,3,stand,stand,0.0,0.003641329085116068,0.1379772970375636,-0.6210259040129318,-1.2420518080258636,
H17,hard,19,3,stand,stand,0.0,0.003641329085116068,0.39698952530936893,-0.728486636729037,-1.456973273458074,
H17,soft,13,3,hit,hit,0.0,0.000910332271279017,-0.24663577379217244,0.07409648250815358,-0.004423598184837625,
H17,soft,14,3,hit,hit,0.0,0.000910332271279017,-0.24663577379217244,0.05118703562955886,-0.004423598184837625,
H17,soft,15,3,hit,hit,0.0,0.000910332271279017,-0.24663577379217244,0.029913977813720904,-0.004423598184837625,
H17,soft,16,3,hit,hit,0.0,0.000910332271279017,-0.24663577379217244,0.010160424127585692,-0.004423598184837615,
H17,soft,17,3,double,double,0.0,0.000910332271279017,-0.12030774273351591,0.027911561721504836,0.053881646919157714,
H17,soft,18,3,double,double,0.0,0.000910332271279017,0.1379772970375636,0.087515801668677,0.1730901268135021,
H17,soft,19,3,stand,stand,0.0,0.000910332271279017,0.39698952530936893,0.14728785434678593,0.29263423216971995,
H17,soft,20,3,stand,stand,0.0,0.000910332271279017,0.6458480474784468,0.2047167440781116,0.4074920116323713,
H17,pair,2,3,split,split,0.0,0.0004551661356395085,-0.24663577379217244,-0.0807615525333353,-0.49327154758434494,-0.025941895641124146
H17,pair,3,3,split,split,0.0,0.0004551661356395085,-0.24663577379217244,-0.10487404133749784,-0.47383646588301315,-0.06080996646459247
H17,pair,4,3,hit,hit,0.0,0.0004551661356395085,-0.24663577379217244,0.005567930875393198,-0.13813222243370762,-0.08769043204837905
H17,pair,5,3,double,double,0.0,0.0004551661356395085,-0.24663577379217244,0.2047167440781116,0.4074920116323713,-0.11253893760850361
H17,pair,6,3,split,split,0.0,0.0004551661356395085,-0.24663577379217244,-0.234016176387135,-0.46803235277427,-0.1319200119339883
H17,pair,7,3,split,split,0.0,0.0004551661356395085,-0.24663577379217244,-0.3499183650344931,-0.6998367300689862,-0.07464048893992599
H17,pair,8,3,split,split,0.0,0.0004551661356395085,-0.24663577379217244,-0.46582055368185116,-0.9316411073637023,0.0819771616218826
H17,pair,9,3,split,split,0.0,0.0004551661356395085,0.1379772970375636,-0.6210259040129318,-1.2420518080258636,0.23819142633903512
H17,pair,10,3,stand,stand,0.0,0.007282658170232136,0.6458480474784468,-0.8550903326889177,-1.7101806653778353,0.4094334881562232
H17,pair,11,3,split,split,0.0,0.0004551661356395085,-0.24663577379217244,0.10168040931703344,-0.004423598184837625,0.5173278397395827
H17,hard,5,4,hit,hit,0.0,0.000910332271279017,-0.20584968608305465,-0.05886893847750462,-0.41169937216610936,
H17,hard,6,4,hit,hit,0.0,0.000910332271279017,-0.20584968608305465,-0.07007777334728602,-0.39286773629674576,
H17,hard,7,4,hit,hit,0.0,0.001820664542558034,-0.20584968608305465,-0.04282636771707132,-0.2791237996724039,
H17,hard,8,4,hit,hit,0.0,0.001820664542558034,-0.20584968608305465,0.03701077509451457,-0.06815133225373485,
H17,hard,9,4,double,double,0.0,0.002730996813837051,-0.20584968608305465,0.12758849558767746,0.1799996145698442,
H17,hard,10,4,double,double,0.0,0.002730996813837051,-0.20584968608305465,0.22962110185909185,0.4592422037181837,
H17,hard,11,4,double,double,0.0,0.0036413290851160683,-0.20584968608305465,0.28280326185276494,0.5656065237055299,
H17,hard,12,4,stand,stand,0.0,0.006372325898953118,-0.20584968608305465,-0.2138385957920505,-0.427677191584101,
H17,hard,13,4,stand,stand,0.0,0.006372325898953118,-0.20584968608305465,-0.2749270814779694,-0.5498541629559388,
H17,hard,14,4,stand,stand,0.0,0.005461993627674102,-0.20584968608305465,-0.33601556716388825,-0.6720311343277765,
H17,hard,15,4,stand,stand,0.0,0.005461993627674102,-0.20584968608305465,-0.3971040528498071,-0.7942081056996142,
H17,hard,16,4,stand,stand,0.0,0.004551661356395085,-0.20584968608305465,-0.458192538535726,-0.916385077071452,
H17,hard,17,4,stand,stand,0.0,0.004551661356395085,-0.0834440529321912,-0.5286968421563267,-1.0573936843126535,
H17,hard,18,4,stand,stand,0.0,0.003641329085116068,0.1662690025225767,-0.618409842350371,-1.236819684700742,
H17,hard,19,4,stand,stand,0.0,0.003641329085116068,0.4163321857739904,-0.7273584720252935,-1.454716944050587,
H17,soft,13,4,hit,hit,0.0,0.000910332271279017,-0.20584968608305465,0.10302707120599633,0.06103069390325,
H17,soft,14,4,hit,hit,0.0,0.000910332271279017,-0.20584968608305465,0.08096444568534986,0.06103069390325,
H17,soft,15,4,double,double,0.0,0.000910332271279017,-0.20584968608305465,0.06047772198760667,0.06103069390325,
H17,soft,16,4,double,double,0.0,0.000910332271279017,-0.20584968608305465,0.04145433569684513,0.06103069390325001,
H17,soft,17,4,double,double,0.0,0.000910332271279017,-0.0834440529321912,0.058762800755670405,0.11752560151134081,
H17,soft,18,4,double,double,0.0,0.000910332271279017,0.1662690025225767,0.11638889047600148,0.23277778095200297,
H17,soft,19,4,stand,stand,0.0,0.000910332271279017,0.4163321857739904,0.17409577891863542,0.34819155783727085,
H17,soft,20,4,stand,stand,0.0,0.000910332271279017,0.6569419185159682,0.22962110185909185,0.4592422037181837,
H17,pair,2,4,split,split,0.0,0.0004551661356395085,-0.20584968608305465,-0.04696160778315614,-0.41169937216610936,0.04657734717489722
H17,pair,3,4,split,split,0.0,0.0004551661356395085,-0.20584968608305465,-0.07007777334728602,-0.39286773629674576,0.018738777356351828
H17,pair,4,4,hit,hit,0.0,0.0004551661356395085,-0.20584968608305465,0.03701077509451457,-0.06815133225373485,-0.006940376395594283
H17,pair,5,4,double,double,0.0,0.0004551661356395085,-0.20584968608305465,0.22962110185909185,0.4592422037181837,-0.027828362970327956
H17,pair,6,4,split,split,0.0,0.0004551661356395085,-0.20584968608305465,-0.2138385957920505,-0.427677191584101,-0.044217349240772946
H17,pair,7,4,split,split,0.0,0.0004551661356395085,-0.20584968608305465,-0.33601556716388825,-0.6720311343277765,0.011477150892541942
H17,pair,8,4,split,split,0.0,0.0004551661356395085,-0.20584968608305465,-0.458192538535726,-0.916385077071452,0.15285606768316096
H17,pair,9,4,split,split,0.0,0.0004551661356395085,0.1662690025225767,-0.618409842350371,-1.236819684700742,0.2986851853065495
H17,pair,10,4,stand,stand,0.0,0.007282658170232136,0.6569419185159682,-0.8548155426803679,-1.7096310853607357,0.4592422037181837
H17,pair,11,4,split,split,0.0,0.0004551661356395085,-0.20584968608305465,0.12678682176669256,0.06103069390325,0.5656065237055299
H17,hard,5,5,hit,hit,0.0,0.000910332271279017,-0.16468249424828368,-0.02272205059969438,-0.32936498849656737,
H17,hard,6,5,hit,hit,0.0,0.000910332271279017,-0.16468249424828368,-0.033548869940164656,-0.31115592087707267,
H17,hard,7,5,hit,hit,0.0,0.001820664542558034,-0.16468249424828368,-0.007177266764625569,-0.2012012595668129,
H17,hard,8,5,hit,hit,0.0,0.001820664542558034,-0.16468249424828368,0.06995063315432906,0.002599762214086601,
H17,hard,9,5,double,double,0.0,0.002730996813837051,-0.16468249424828368,0.1573614483811529,0.24211866364068396,
H17,hard,10,5,double,double,0.0,0.002730996813837051,-0.16468249424828368,0.2558497670758891,0.5116995341517782,
H17,hard,11,5,double,double,0.0,0.0036413290851160683,-0.16468249424828368,0.30724502104225837,0.6144900420845167,
H17,hard,12,5,stand,stand,0.0,0.006372325898953118,-0.16468249424828368,-0.19341659731927074,-0.3868331946385415,
H17,hard,13,5,stand,stand,0.0,0.006372325898953118,-0.16468249424828368,-0.2576717900694028,-0.5153435801388055,
H17,hard,14,5,stand,stand,0.0,0.005461993627674102,-0.16468249424828368,-0.3219269828195348,-0.6438539656390696,
H17,hard,15,5,stand,stand,0.0,0.005461993627674102,-0.16468249424828368,-0.38618217556966683,-0.7723643511393337,
H17,hard,16,5,stand,stand,0.0,0.004551661356395085,-0.16468249424828368,-0.45043736831979886,-0.9008747366395977,
H17,hard,17,5,stand,stand,0.0,0.004551661356395085,-0.04632355472156813,-0.5237970948796783,-1.0475941897593566,
H17,hard,18,5,stand,stand,0.0,0.003641329085116068,0.1949459856882581,-0.6157160168556981,-1.2314320337113962,
H17,hard,19,5,stand,stand,0.0,0.003641329085116068,0.43621552609808434,-0.7261941342478585,-1.452388268495717,
H17,soft,13,5,hit,hit,0.0,0.000910332271279017,-0.16468249424828368,0.13362751686623547,0.12720834736251474,
H17,soft,14,5,double,double,0.0,0.000910332271279017,-0.16468249424828368,0.11231965892948412,0.12720834736251474,
H17,soft,15,5,double,double,0.0,0.000910332271279017,-0.16468249424828368,0.09253379084535784,0.12720834736251474,
H17,soft,16,5,double,double,0.0,0.000910332271279017,-0.16468249424828368,0.07416119905295487,0.12720834736251474,
H17,soft,17,5,double,double,0.0,0.000910332271279017,-0.04632355472156813,0.09091777511049942,0.18183555022099884,
H17,soft,18,5,double,double,0.0,0.000910332271279017,0.1949459856882581,0.14659536135892087,0.29319072271784175,
H17,soft,19,5,stand,stand,0.0,0.000910332271279017,0.43621552609808434,0.2022729476073423,0.4045458952146846,
H17,soft,20,5,stand,stand,0.0,0.000910332271279017,0.6683817437951204,0.2558497670758891,0.5116995341517782,
H17,pair,2,5,split,split,0.0,0.0004551661356395085,-0.16468249424828368,-0.011221572438115774,-0.32936498849656737,0.12899794664027822
H17,pair,3,5,split,split,0.0,0.0004551661356395085,-0.16468249424828368,-0.033548869940164656,-0.31115592087707267,0.10440100951506459
H17,pair,4,5,split,split,0.0,0.0004551661356395085,-0.16468249424828368,0.06995063315432906,0.002599762214086601,0.08256094126143546
H17,pair,5,5,double,double,0.0,0.0004551661356395085,-0.16468249424828368,0.2558497670758891,0.5116995341517782,0.062386537521724815
H17,pair,6,5,split,split,0.0,0.0004551661356395085,-0.16468249424828368,-0.19341659731927074,-0.3868331946385415,0.04655914911785189
H17,pair,7,5,split,split,0.0,0.0004551661356395085,-0.16468249424828368,-0.3219269828195348,-0.6438539656390696,0.10042958037955843
H17,pair,8,5,split,split,0.0,0.0004551661356395085,-0.16468249424828368,-0.45043736831979886,-0.9008747366395977,0.22653123371145
H17,pair,9,5,split,split,0.0,0.0004551661356395085,0.1949459856882581,-0.6157160168556981,-1.2314320337113962,0.36199136153803785
H17,pair,10,5,stand,stand,0.0,0.007282658170232136,0.6683817437951204,-0.8545311914628677,-1.7090623829257354,0.5116995341517782
H17,pair,11,5,split,split,0.0,0.0004551661356395085,-0.16468249424828368,0.15657444079812155,0.12720834736251474,0.6144900420845167
H17,hard,5,6,hit,hit,0.0,0.000910332271279017,-0.12106685019651231,0.015153619459709689,-0.24213370039302462,
H17,hard,6,6,hit,hit,0.0,0.000910332271279017,-0.12106685019651231,0.004766508539315303,-0.2244663647263341,
H17,hard,7,6,hit,hit,0.0,0.001820664542558034,-0.12106685019651231,0.03040856615196181,-0.11846235072619107,
H17,hard,8,6,hit,hit,0.0,0.001820664542558034,-0.12106685019651231,0.10385811332306305,0.07587834160740449,
H17,hard,9,6,double,double,0.0,0.002730996813837051,-0.12106685019651231,0.18730353674754283,0.3048534496810895,
H17,hard,10,6,double,double,0.0,0.002730996813837051,-0.12106685019651231,0.2824808477642031,0.5649616955284062,
H17,hard,11,6,double,double,0.0,0.0036413290851160683,-0.12106685019651231,0.3323317045944627,0.6646634091889254,
H17,hard,12,6,stand,stand,0.0,0.006372325898953118,-0.12106685019651231,-0.17241676251641377,-0.34483352503282755,
H17,hard,13,6,stand,stand,0.0,0.006372325898953118,-0.12106685019651231,-0.24002700480898978,-0.48005400961797956,
H17,hard,14,6,stand,stand,0.0,0.005461993627674102,-0.12106685019651231,-0.3076372471015657,-0.6152744942031314,
H17,hard,15,6,stand,stand,0.0,0.005461993627674102,-0.12106685019651231,-0.3752474893941417,-0.7504949787882834,
H17,hard,16,6,stand,stand,0.0,0.004551661356395085,-0.12106685019651231,-0.4428577316867177,-0.8857154633734354,
H17,hard,17,6,stand,stand,0.0,0.004551661356395085,-0.006229168363024007,-0.5193016418126389,-1.0386032836252779,
H17,hard,18,6,stand,stand,0.0,0.003641329085116068,0.22344619530395254,-0.6134128876052507,-1.2268257752105014,
H17,hard,19,6,stand,stand,0.0,0.003641329085116068,0.4531215589709291,-0.7251914690645529,-1.4503829381291058,
H17,soft,13,6,double,double,0.0,0.000910332271279017,-0.12106685019651231,0.16513483022847517,0.19604841330778022,
H17,soft,14,6,double,double,0.0,0.000910332271279017,-0.12106685019651231,0.14469185305526175,0.19604841330778028,
H17,soft,15,6,double,double,0.0,0.000910332271279017,-0.12106685019651231,0.12570908853727789,0.19604841330778022,
H17,soft,16,6,double,double,0.0,0.000910332271279017,-0.12106685019651231,0.10808223577057857,0.19604841330778025,
H17,soft,17,6,double,double,0.0,0.000910332271279017,-0.006229168363024007,0.1245252101539259,0.2490504203078518,
H17,soft,18,6,double,double,0.0,0.000910332271279017,0.22344619530395254,0.1775272171539974,0.3550544343079948,
H17,soft,19,6,double,double,0.0,0.000910332271279017,0.4531215589709291,0.23052922415406893,0.46105844830813786,
H17,soft,20,6,stand,stand,0.0,0.000910332271279017,0.6782452612815106,0.2824808477642031,0.5649616955284062,
H17,pair,2,6,split,split,0.0,0.0004551661356395085,-0.12106685019651231,0.02618902034451944,-0.24213370039302462,0.21948236842134172
H17,pair,3,6,split,split,0.0,0.0004551661356395085,-0.12106685019651231,0.004766508539315303,-0.2244663647263341,0.19682761910733687
H17,pair,4,6,split,split,0.0,0.0004551661356395085,-0.12106685019651231,0.10385811332306305,0.07587834160740449,0.1758706237756104
H17,pair,5,6,double,double,0.0,0.0004551661356395085,-0.12106685019651231,0.2824808477642031,0.5649616955284062,0.15651164550856
H17,pair,6,6,split,split,0.0,0.0004551661356395085,-0.12106685019651231,-0.17241676251641377,-0.34483352503282755,0.14136189022419038
H17,pair,7,6,split,split,0.0,0.0004551661356395085,-0.12106685019651231,-0.3076372471015657,-0.6152744942031314,0.19373570219565514
H17,pair,8,6,split,split,0.0,0.0004551661356395085,-0.12106685019651231,-0.4428577316867177,-0.8857154633734354,0.30352383306087605
H17,pair,9,6,split,split,0.0,0.0004551661356395085,0.22344619530395254,-0.6134128876052507,-1.2268257752105014,0.42573502804807994
H17,pair,10,6,stand,stand,0.0,0.007282658170232136,0.6782452612815106,-0.8542872583938999,-1.7085745167877997,0.5649616955284062
H17,pair,11,6,split,split,0.0,0.0004551661356395085,-0.12106685019651231,0.18715034410732037,0.19604841330778028,0.6646634091889254
H17,hard,5,7,hit,hit,0.0,0.000910332271279017,-0.4753751832769335,-0.11944744188414848,-0.950750366553867,
H17,hard,6,7,hit,hit,0.0,0.000910332271279017,-0.4753751832769335,-0.15193270723669947,-0.8940478752009072,
H17,hard,7,7,hit,hit,0.0,0.001820664542558034,-0.4753751832769335,-0.06880779958042778,-0.58933588566303,
H17,hard,8,7,hit,hit,0.0,0.001820664542558034,-0.4753751832769335,0.0822074393637429,-0.18772955497255242,
H17,hard,9,7,hit,hit,0.0,0.002730996813837051,-0.4753751832769335,0.17186785993695272,0.10425035196048575,
H17,hard,10,7,double,double,0.0,0.002730996813837051,-0.4753751832769335,0.2569087443360866,0.39241245528243773,
H17,hard,11,7,double,double,0.0,0.0036413290851160683,-0.4753751832769335,0.29214699112701326,0.4628889488642909,
H17,hard,12,7,hit,hit,0.0,0.006372325898953118,-0.4753751832769335,-0.2128477145173142,-0.5067116210767303,
H17,hard,13,7,hit,hit,0.0,0.006372325898953118,-0.4753751832769335,-0.2690728777660775,-0.5874231313418175,
H17,hard,14,7,hit,hit,0.0,0.005461993627674102,-0.4753751832769335,-0.3212819579256434,-0.6681346416069046,
H17,hard,15,7,hit,hit,0.0,0.005461993627674102,-0.4753751832769335,-0.36976181807381175,-0.7488461518719918,
H17,hard,16,7,hit,hit,0.0,0.004551661356395085,-0.4753751832769335,-0.41477883106853947,-0.8295576621370789,
H17,hard,17,7,stand,stand,0.0,0.004551661356395085,-0.10680898948269474,-0.48348583187756294,-0.9669716637551259,
H17,hard,18,7,stand,stand,0.0,0.003641329085116068,0.3995541673365518,-0.5911438447496054,-1.1822876894992107,
H17,hard,19,7,stand,stand,0.0,0.003641329085116068,0.6159764957534315,-0.7154497290383309,-1.4308994580766619,
H17,soft,13,7,hit,hit,0.0,0.000910332271279017,-0.4753751832769335,0.12238569517899203,-0.18386558001638165,
H17,soft,14,7,hit,hit,0.0,0.000910332271279017,-0.4753751832769335,0.07950748849446825,-0.18386558001638165,
H17,soft,15,7,hit,hit,0.0,0.000910332271279017,-0.4753751832769335,0.03702828227926932,-0.18386558001638165,
H17,soft,16,7,hit,hit,0.0,0.000910332271279017,-0.4753751832769335,-0.004890157173015826,-0.18386558001638162,
H17,soft,17,7,hit,hit,0.0,0.000910332271279017,-0.10680898948269474,0.05382346371611668,-0.013758105957502216,
H17,soft,18,7,stand,stand,0.0,0.000910332271279017,0.3995541673365518,0.17067649990517358,0.21994796642061162,
H17,soft,19,7,stand,stand,0.0,0.000910332271279017,0.6159764957534315,0.22062011415522273,0.31983519492070994,
H17,soft,20,7,stand,stand,0.0,0.000910332271279017,0.7732272265371751,0.2569087443360866,0.39241245528243773,
H17,pair,2,7,split,split,0.0,0.0004551661356395085,-0.4753751832769335,-0.08827920105846368,-0.950750366553867,-0.0073993244927046155
H17,pair,3,7,split,split,0.0,0.0004551661356395085,-0.4753751832769335,-0.15193270723669947,-0.8940478752009072,-0.06776045882169346
H17,pair,4,7,hit,hit,0.0,0.0004551661356395085,-0.4753751832769335,0.0822074393637429,-0.18772955497255242,-0.12944368385790753
H17,pair,5,7,double,double,0.0,0.0004551661356395085,-0.4753751832769335,0.2569087443360866,0.39241245528243773,-0.19178016550927715
H17,pair,6,7,hit,hit,0.0,0.0004551661356395085,-0.4753751832769335,-0.2128477145173142,-0.5067116210767303,-0.25675069621437907
H17,pair,7,7,split,split,0.0,0.0004551661356395085,-0.4753751832769335,-0.3212819579256434,-0.6681346416069046,-0.0905008809018357
H17,pair,8,7,split,split,0.0,0.0004551661356395085,-0.4753751832769335,-0.41477883106853947,-0.8295576621370789,0.21152959698650559
H17,pair,9,7,stand,stand,0.0,0.0004551661356395085,0.3995541673365518,-0.5911438447496054,-1.1822876894992107,0.37000371337194815
H17,pair,10,7,stand,stand,0.0,0.007282658170232136,0.7732272265371751,-0.8518518233873444,-1.7037036467746889,0.5138174886721733
H17,pair,11,7,split,split,0.0,0.0004551661356395085,-0.4753751832769335,0.16547293077063507,-0.18386558001638165,0.4628889488642909
H17,hard,5,8,hit,hit,0.0,0.000910332271279017,-0.5105175154976174,-0.18809330390318524,-1.0210350309952347,
H17,hard,6,8,hit,hit,0.0,0.000910332271279017,-0.5105175154976174,-0.21724188132078476,-1.0012555626184394,
H17,hard,7,8,hit,hit,0.0,0.001820664542558034,-0.5105175154976174,-0.2106047687243497,-0.8470757937777854,
H17,hard,8,8,hit,hit,0.0,0.001820664542558034,-0.5105175154976174,-0.059898275658656276,-0.45198684873362777,
H17,hard,9,8,hit,hit,0.0,0.002730996813837051,-0.5105175154976174,0.09837621743539254,-0.02644228964866953,
H17,hard,10,8,double,double,0.0,0.002730996813837051,-0.5105175154976174,0.19795370833197612,0.28663571688628364,
H17,hard,11,8,double,double,0.0,0.0036413290851160683,-0.5105175154976174,0.2299821453239918,0.3506925908703151,
H17,hard,12,8,hit,hit,0.0,0.006372325898953118,-0.5105175154976174,-0.27157480502428616,-0.6156608928303438,
H17,hard,13,8,hit,hit,0.0,0.006372325898953118,-0.5105175154976174,-0.32360517609398,-0.6909658904460949,
H17,hard,14,8,hit,hit,0.0,0.005461993627674102,-0.5105175154976174,-0.37191909208726714,-0.7662708880618462,
H17,hard,15,8,hit,hit,0.0,0.005461993627674102,-0.5105175154976174,-0.41678201408103377,-0.8415758856775973,
H17,hard,16,8,hit,hit,0.0,0.004551661356395085,-0.5105175154976174,-0.4584404416466742,-0.9168808832933484,
H17,hard,17,8,stand,stand,0.0,0.004551661356395085,-0.3819509710484472,-0.5059826746429474,-1.0119653492858949,
H17,hard,18,8,stand,stand,0.0,0.003641329085116068,0.10595134861912359,-0.5910558553059571,-1.1821117106119141,
H17,hard,19,8,stand,stand,0.0,0.003641329085116068,0.5938536682866944,-0.7136599836357028,-1.4273199672714056,
H17,soft,13,8,hit,hit,0.0,0.000910332271279017,-0.5105175154976174,0.054057070196311355,-0.314440902367339,
H17,soft,14,8,hit,hit,0.0,0.000910332271279017,-0.5105175154976174,0.013277219463208494,-0.314440902367339,
H17,soft,15,8,hit,hit,0.0,0.000910332271279017,-0.5105175154976174,-0.027054780502901648,-0.314440902367339,
H17,soft,16,8,hit,hit,0.0,0.000910332271279017,-0.5105175154976174,-0.06679484792009406,-0.3144409023673389,
H17,soft,17,8,hit,hit,0.0,0.000910332271279017,-0.3819509710484472,-0.07291539872964213,-0.2551024972369528,
H17,soft,18,8,stand,stand,0.0,0.000910332271279017,0.10595134861912359,0.039677444270566534,-0.029916811236535473,
H17,soft,19,8,stand,stand,0.0,0.000910332271279017,0.5938536682866944,0.15227028727077518,0.19526887476388188,
H17,soft,20,8,stand,stand,0.0,0.000910332271279017,0.7918151595518983,0.19795370833197612,0.28663571688628364,
H17,pair,2,8,hit,hit,0.0,0.0004551661356395085,-0.5105175154976174,-0.15933415266020512,-1.0210350309952347,-0.1741092318424651
H17,pair,3,8,hit,hit,0.0,0.0004551661356395085,-0.5105175154976174,-0.21724188132078476,-1.0012555626184394,-0.2296695375926127
H17,pair,4,8,hit,hit,0.0,0.0004551661356395085,-0.5105175154976174,-0.059898275658656276,-0.45198684873362777,-0.28645408161262087
H17,pair,5,8,double,double,0.0,0.0004551661356395085,-0.5105175154976174,0.19795370833197612,0.28663571688628364,-0.3439723840985811
H17,pair,6,8,hit,hit,0.0,0.0004551661356395085,-0.5105175154976174,-0.27157480502428616,-0.6156608928303438,-0.40226953893378015
H17,pair,7,8,hit,hit,0.0,0.0004551661356395085,-0.5105175154976174,-0.37191909208726714,-0.7662708880618462,-0.38899531374091006
H17,pair,8,8,split,split,0.0,0.0004551661356395085,-0.5105175154976174,-0.4584404416466742,-0.9168808832933484,-0.08758232760952324
H17,pair,9,8,split,split,0.0,0.0004551661356395085,0.10595134861912359,-0.5910558553059571,-1.1821117106119141,0.21532327264714252
H17,pair,10,8,stand,stand,0.0,0.007282658170232136,0.7918151595518983,-0.8514919189858488,-1.7029838379716975,0.39590741666395224
H17,pair,11,8,split,split,0.0,0.0004551661356395085,-0.5105175154976174,0.0951150209270323,-0.314440902367339,0.3506925908703151
H17,hard,5,9,hit,hit,0.0,0.000910332271279017,-0.5431496811311095,-0.2666150533579591,-1.086299362262219,
H17,hard,6,9,hit,hit,0.0,0.000910332271279017,-0.5431496811311095,-0.2926407001977261,-1.0678385251105433,
H17,hard,7,9,hit,hit,0.0,0.001820664542558034,-0.5431496811311095,-0.28536544048687673,-0.9570735022004893,
H17,hard,8,9,hit,hit,0.0,0.001820664542558034,-0.5431496811311095,-0.21018633199821768,-0.7185013349521748,
H17,hard,9,9,hit,hit,0.0,0.002730996813837051,-0.5431496811311095,-0.052178053462651794,-0.30099565908098247,
H17,hard,10,9,double,double,0.0,0.002730996813837051,-0.5431496811311095,0.1165295910692838,0.14432836838077098,
H17,hard,11,9,double,double,0.0,0.0036413290851160683,-0.5431496811311095,0.15825711845512566,0.22778342315245464,
H17,hard,12,9,hit,hit,0.0,0.006372325898953118,-0.5431496811311095,-0.34001328060893565,-0.7375056210491797,
H17,hard,13,9,hit,hit,0.0,0.006372325898953118,-0.5431496811311095,-0.3871551891368688,-0.8077902854905474,
H17,hard,14,9,hit,hit,0.0,0.005461993627674102,-0.5431496811311095,-0.4309298184842353,-0.8780749499319151,
H17,hard,15,9,hit,hit,0.0,0.005461993627674102,-0.5431496811311095,-0.4715776885925042,-0.9483596143732829,
H17,hard,16,9,hit,hit,0.0,0.004551661356395085,-0.5431496811311095,-0.5093221394073254,-1.0186442788146508,
H17,hard,17,9,stand,stand,0.0,0.004551661356395085,-0.4231542396452175,-0.5536948902038471,-1.1073897804076942,
H17,hard,18,9,stand,stand,0.0,0.003641329085116068,-0.18316335667343342,-0.6165284781520445,-1.233056956304089,
H17,hard,19,9,stand,stand,0.0,0.003641329085116068,0.28759675706758137,-0.7155743825418585,-1.431148765083717,
H17,soft,13,9,hit,hit,0.0,0.000910332271279017,-0.5431496811311095,-0.037694688127479954,-0.45636696328370857,
H17,soft,14,9,hit,hit,0.0,0.000910332271279017,-0.5431496811311095,-0.07516318944168386,-0.45636696328370857,
H17,soft,15,9,hit,hit,0.0,0.000910332271279017,-0.5431496811311095,-0.11218876868994296,-0.45636696328370857,
H17,soft,16,9,hit,hit,0.0,0.000910332271279017,-0.5431496811311095,-0.14864353463007482,-0.45636696328370857,
H17,soft,17,9,hit,hit,0.0,0.000910332271279017,-0.4231542396452175,-0.1497868921821333,-0.4009844518286815,
H17,soft,18,9,hit,hit,0.0,0.000910332271279017,-0.18316335667343342,-0.1007443075804153,-0.2902194289186273,
H17,soft,19,9,stand,stand,0.0,0.000910332271279017,0.28759675706758137,0.007892641744434256,-0.07294553026892811,
H17,soft,20,9,stand,stand,0.0,0.000910332271279017,0.7583568708085962,0.1165295910692838,0.14432836838077098,
H17,pair,2,9,hit,hit,0.0,0.0004551661356395085,-0.5431496811311095,-0.2406661791533655,-1.086299362262219,-0.36512119656719905
H17,pair,3,9,hit,hit,0.0,0.0004551661356395085,-0.5431496811311095,-0.2926407001977261,-1.0678385251105433,-0.41518015608743086
H17,pair,4,9,hit,hit,0.0,0.0004551661356395085,-0.5431496811311095,-0.21018633199821768,-0.7185013349521748,-0.46635926876691314
H17,pair,5,9,double,double,0.0,0.0004551661356395085,-0.5431496811311095,0.1165295910692838,0.14432836838077098,-0.5182570171761003
H17,pair,6,9,hit,hit,0.0,0.0004551661356395085,-0.5431496811311095,-0.34001328060893565,-0.7375056210491797,-0.5703083108556343
H17,pair,7,9,hit,hit,0.0,0.0004551661356395085,-0.5431496811311095,-0.4309298184842353,-0.8780749499319151,-0.5557577914339356
H17,pair,8,9,split,split,0.0,0.0004551661356395085,-0.5431496811311095,-0.5093221394073254,-1.0186442788146508,-0.4053995744566175
H17,pair,9,9,split,split,0.0,0.0004551661356395085,-0.18316335667343342,-0.6165284781520445,-1.233056956304089,-0.09365975235648369
H17,pair,10,9,stand,stand,0.0,0.007282658170232136,0.7583568708085962,-0.8508326033732889,-1.7016652067465778,0.2330591821385676
H17,pair,11,9,split,split,0.0,0.0004551661356395085,-0.5431496811311095,6.579084122682955e-05,-0.45636696328370857,0.22778342315245464
H17,hard,5,10,hit,hit,0.0,0.003361226847799447,-0.540430333994985,-0.3134116433649712,-1.08086066798997,
H17,hard,6,10,hit,hit,0.0,0.003361226847799447,-0.540430333994985,-0.33774944037840815,-1.0622899449028675,
H17,hard,7,10,hit,hit,0.0,0.006722453695598894,-0.540430333994985,-0.3190547913983386,-0.9508656063802536,
H17,hard,8,10,hit,hit,0.0,0.006722453695598894,-0.540430333994985,-0.24937508055334262,-0.746587652422128,
H17,hard,9,10,hit,hit,0.0,0.010083680543398341,-0.540430333994985,-0.15295298487455078,-0.4667067138282591,
H17,hard,10,10,hit,hit,0.0,0.010083680543398341,-0.540430333994985,0.02530852304086817,-0.008658688034544615,
H17,hard,11,10,double,double,0.0,0.013444907391197788,-0.540430333994985,0.11948223076371359,0.17968872741114633,
H17,hard,12,10,hit,hit,0.0,0.02352858793459613,-0.540430333994985,-0.38104299284808774,-0.7968405904052414,
H17,hard,13,10,hit,hit,0.0,0.02352858793459613,-0.540430333994985,-0.4252542076446529,-0.8675436159444745,
H17,hard,14,10,hit,hit,0.0,0.020167361086796683,-0.540430333994985,-0.4663074785271777,-0.9382466414837075,
H17,hard,15,10,hit,hit,0.0,0.020167361086796683,-0.540430333994985,-0.5044283729180936,-1.0089496670229408,
H17,hard,16,10,hit,hit,0.0,0.016806134238997236,-0.540430333994985,-0.5398263462810869,-1.0796526925621739,
H17,hard,17,10,stand,stand,0.0,0.016806134238997236,-0.41972063392881986,-0.5844632205942546,-1.1689264411885092,
H17,hard,18,10,stand,stand,0.0,0.013444907391197788,-0.17830123379648952,-0.6476708179945246,-1.2953416359890493,
H17,hard,19,10,stand,stand,0.0,0.013444907391197788,0.06311816633584086,-0.7294491384818971,-1.4588982769637941,
H17,soft,13,10,hit,hit,0.0,0.003361226847799447,-0.540430333994985,-0.10485135840627784,-0.514028488248309,
H17,soft,14,10,hit,hit,0.0,0.003361226847799447,-0.540430333994985,-0.1394667821754546,-0.514028488248309,
H17,soft,15,10,hit,hit,0.0,0.003361226847799447,-0.540430333994985,-0.17370423031226792,-0.514028488248309,
H17,soft,16,10,hit,hit,0.0,0.003361226847799447,-0.540430333994985,-0.20744109003068217,-0.514028488248309,
H17,soft,17,10,hit,hit,0.0,0.003361226847799447,-0.41972063392881986,-0.19686697623363472,-0.45831631898700204,
H17,soft,18,10,hit,hit,0.0,0.003361226847799447,-0.17830123379648952,-0.1438081231740536,-0.34689198046438807,
H17,soft,19,10,stand,stand,0.0,0.003361226847799447,0.06311816633584086,-0.08809595391274656,-0.23546764194177403,
H17,soft,20,10,stand,stand,0.0,0.003361226847799447,0.5545375664681712,0.02530852304086817,-0.008658688034544615,
H17,pair,2,10,hit,hit,0.0,0.0016806134238997236,-0.540430333994985,-0.2891979144856752,-1.08086066798997,-0.4747335283695232
H17,pair,3,10,hit,hit,0.0,0.0016806134238997236,-0.540430333994985,-0.33774944037840815,-1.0622899449028675,-0.5213958916491924
H17,pair,4,10,hit,hit,0.0,0.0016806134238997236,-0.540430333994985,-0.24937508055334262,-0.746587652422128,-0.5691332910255916
H17,pair,5,10,hit,hit,0.0,0.0016806134238997236,-0.540430333994985,0.02530852304086817,-0.008658688034544615,-0.6175607487841834
H17,pair,6,10,hit,hit,0.0,0.0016806134238997236,-0.540430333994985,-0.38104299284808774,-0.7968405904052414,-0.6662363428110575
H17,pair,7,10,hit,hit,0.0,0.0016806134238997236,-0.540430333994985,-0.4663074785271777,-0.9382466414837075,-0.6288470448509182
H17,pair,8,10,split,split,0.0,0.0016806134238997236,-0.540430333994985,-0.5398263462810869,-1.0796526925621739,-0.4894876231609264
H17,pair,9,10,stand,stand,0.0,0.0016806134238997236,-0.17830123379648952,-0.6476708179945246,-1.2953416359890493,-0.2966434318033426
H17,pair,10,10,stand,stand,0.0,0.026889814782395577,0.5545375664681712,-0.849028951287141,-1.698057902574282,0.05061704608173634
H17,pair,11,10,split,split,0.0,0.0016806134238997236,-0.540430333994985,-0.07000239735796474,-0.5140284882483089,0.17968872741114633
H17,hard,5,11,hit,hit,0.0,0.0006302300339623964,-0.5986744466326205,-0.3164000854464791,-1.1973488932652412,
H17,hard,6,11,hit,hit,0.0,0.0006302300339623964,-0.5986744466326205,-0.3406491765310577,-1.184572614738943,
H17,hard,7,11,hit,hit,0.0,0.0012604600679247929,-0.5986744466326205,-0.3491881318514193,-1.0888680481072026,
H17,hard,8,11,hit,hit,0.0,0.0012604600679247929,-0.5986744466326205,-0.2634769655773493,-0.8340476114742151,
H17,hard,9,11,hit,hit,0.0,0.0018906901018871894,-0.5986744466326205,-0.12425387636747628,-0.4584401404188758,
H17,hard,10,11,hit,hit,0.0,0.0018906901018871894,-0.5986744466326205,0.032873955498735744,-0.036280338457055,
H17,hard,11,11,double,double,0.0,0.0025209201358495858,-0.5986744466326205,0.10270245185845812,0.10337665426238976,
H17,hard,12,11,hit,hit,0.0,0.0044116102377367745,-0.5986744466326205,-0.384117826154894,-0.8372551909215873,
H17,hard,13,11,hit,hit,0.0,0.0044116102377367745,-0.5986744466326205,-0.428109410000973,-0.8989975837473381,
H17,hard,14,11,hit,hit,0.0,0.0037813802037743784,-0.5986744466326205,-0.4689587378580463,-0.9607399765730887,
H17,hard,15,11,hit,hit,0.0,0.0037813802037743784,-0.5986744466326205,-0.5068902565824716,-1.0224823693988394,
H17,hard,16,11,hit,hit,0.0,0.0031511501698119823,-0.5986744466326205,-0.542112381112295,-1.08422476222459,
H17,hard,17,11,stand,stand,0.0,0.0031511501698119823,-0.515628636211682,-0.5793717167883196,-1.1587434335766391,
H17,hard,18,11,stand,stand,0.0,0.0025209201358495858,-0.22573219478912268,-0.6389307787276177,-1.2778615574552354,
H17,hard,19,11,stand,stand,0.0,0.0025209201358495858,0.1879690672141187,-0.7303130146671654,-1.4606260293343307,
H17,soft,13,11,hit,hit,0.0,0.0006302300339623964,-0.5986744466326205,-0.09897322213473934,-0.5902856196185846,
H17,soft,14,11,hit,hit,0.0,0.0006302300339623964,-0.5986744466326205,-0.1341541863700627,-0.5902856196185845,
H17,soft,15,11,hit,hit,0.0,0.0006302300339623964,-0.5986744466326205,-0.16890637396904015,-0.5902856196185846,
H17,soft,16,11,hit,hit,0.0,0.0006302300339623964,-0.5986744466326205,-0.20311154402137768,-0.5902856196185845,
H17,soft,17,11,hit,hit,0.0,0.0006302300339623964,-0.515628636211682,-0.21975910527055376,-0.5519567840396898,
H17,soft,18,11,hit,hit,0.0,0.0006302300339623964,-0.22573219478912268,-0.1580650885027603,-0.4181584264600471,
H17,soft,19,11,stand,stand,0.0,0.0006302300339623964,0.1879690672141187,-0.06259556650201226,-0.22721938245855106,
H17,soft,20,11,stand,stand,0.0,0.0006302300339623964,0.6016703292173602,0.032873955498735744,-0.036280338457055,
H17,pair,2,11,hit,hit,0.0,0.0003151150169811982,-0.5986744466326205,-0.29222771573286166,-1.1973488932652412,-0.49005997976920507
H17,pair,3,11,hit,hit,0.0,0.0003151150169811982,-0.5986744466326205,-0.3406491765310577,-1.184572614738943,-0.5366811197756162
H17,pair,4,11,hit,hit,0.0,0.0003151150169811982,-0.5986744466326205,-0.2634769655773493,-0.8340476114742151,-0.5843517080189646
H17,pair,5,11,hit,hit,0.0,0.0003151150169811982,-0.5986744466326205,0.032873955498735744,-0.036280338457055,-0.6326964474461995
H17,pair,6,11,hit,hit,0.0,0.0003151150169811982,-0.5986744466326205,-0.384117826154894,-0.8372551909215873,-0.6811946296153567
H17,pair,7,11,hit,hit,0.0,0.0003151150169811982,-0.5986744466326205,-0.4689587378580463,-0.9607399765730887,-0.6982725402560799
H17,pair,8,11,split,split,0.0,0.0003151150169811982,-0.5986744466326205,-0.542112381112295,-1.08422476222459,-0.5268502077079399
H17,pair,9,11,stand,stand,0.0,0.0003151150169811982,-0.22573219478912268,-0.6389307787276177,-1.2778615574552354,-0.24840402928819383
H17,pair,10,11,stand,stand,0.0,0.0050418402716991715,0.6016703292173602,-0.8535184246069624,-1.7070368492139247,0.06574791099747149
H17,pair,11,11,split,split,0.0,0.0003151150169811982,-0.5986744466326205,-0.06350314987285696,-0.5902856196185845,0.10337665426238976
